{"model":{"version":2,"nodes":[{"name":"RootNode","position":[0,0,0],"rotation":[0,0,0],"scale":[1,1,1],"scaleCompensation":false},{"name":"op","position":[0,0,0],"rotation":[-90,-0,0],"scale":[0.01,0.01,0.01],"scaleCompensation":false},{"name":"UNIQ_static","position":[0,0,0],"rotation":[0,0,0],"scale":[1,1,1],"scaleCompensation":false},{"name":"basic_camera","position":[0,0,0],"rotation":[0,0,0],"scale":[1,1,1],"scaleCompensation":false}],"parents":[-1,0,1,2],"skins":[],"morphs":[],"vertices":[{"position":{"type":"float32","components":3,"data":[-92.4815,-0.668589,33.6579,-92.3493,-0.881234,33.3036,-92.375,-0.957837,33.346,-92.2032,-0.965969,32.963,-92.063,-0.889226,32.5963,-92.0264,-0.737299,32.4986,-91.9572,-0.602755,32.3163,-91.9352,-0.32637,32.2788,-91.8856,-0.117111,32.162,-91.9304,0.133155,32.2615,-91.9391,0.352694,32.272,-92.0391,0.635532,32.5637,-92.1878,0.811029,32.8881,-92.2537,0.761828,33.0641,-92.3233,0.801298,33.2206,-92.4265,0.59059,33.4882,-92.505,0.545212,33.6684,-92.5325,0.240461,33.7555,-92.575,-0.141391,33.9495,-92.5568,-0.233787,33.8017,-91.8585,0.318628,32.2163,-91.8206,-0.131903,32.1255,-91.9391,0.352694,32.272,-91.9935,0.740262,32.5368,-92.0391,0.635532,32.5637,-92.1878,0.811029,32.8881,-92.2709,0.921397,33.2133,-92.3233,0.801298,33.2206,-92.505,0.545212,33.6684,-92.5129,0.407874,33.839,-92.4803,-0.774093,33.7273,-92.4815,-0.668589,33.6579,-92.375,-0.957837,33.346,-92.2658,-1.06039,33.2291,-92.0717,-1.0249,32.7295,-92.2032,-0.965969,32.963,-92.063,-0.889226,32.5963,-91.9572,-0.602755,32.3163,-91.9009,-0.707555,32.3327,-91.8206,-0.131903,32.1255,-92.4803,-0.774093,33.7273,-92.2658,-1.06039,33.2291,-91.8918,-1.19785,33.654,-92.0717,-1.0249,32.7295,-92.1291,-0.379416,34.2439,-91.481,-1.03917,32.6397,-92.575,-0.141391,33.9495,-91.9009,-0.707555,32.3327,-92.0975,0.512039,34.166,-91.278,-0.150681,32.1364,-92.5129,0.407874,33.839,-91.8206,-0.131903,32.1255,-92.2709,0.921397,33.2133,-91.8585,0.318628,32.2163,-91.7925,1.02167,33.4113,-91.4715,0.855685,32.6135,-91.9935,0.740262,32.5368,-92.4265,0.59059,33.4882,-92.6793,-0.0922928,32.8435,-92.5325,0.240461,33.7555,-92.5568,-0.233787,33.8017,-92.2537,0.761828,33.0641,-92.4815,-0.668589,33.6579,-92.0391,0.635532,32.5637,-92.3493,-0.881234,33.3036,-91.9304,0.133155,32.2615,-92.2032,-0.965969,32.963,-91.9352,-0.32637,32.2788,-92.0264,-0.737299,32.4986]},"normal":{"type":"float32","components":3,"data":[-0.934543,0.00391016,-0.35583,-0.925478,0.00390491,-0.378782,-0.925478,0.00390491,-0.378782,-0.925478,0.00390491,-0.378782,-0.925478,0.00390491,-0.378782,-0.925478,0.00390491,-0.378782,-0.925478,0.00390491,-0.378782,-0.925478,0.00390491,-0.378782,-0.854719,-0.00390289,-0.519076,-0.925478,0.00390491,-0.378782,-0.931924,0.00389921,-0.362632,-0.925478,0.00390491,-0.378782,-0.925478,0.00390491,-0.378782,-0.925478,0.00390491,-0.378782,-0.925478,0.00390491,-0.378782,-0.925478,0.00390491,-0.378782,-0.915882,0.00389731,-0.401429,-0.925478,0.00390491,-0.378782,-0.999923,0.00392121,-0.0117637,-0.928199,0.00391639,-0.372063,-0.0740905,0.354855,-0.931981,0.120657,-0.0194609,-0.992503,-0.865536,0.0587467,-0.497389,-0.214316,0.767642,-0.603982,-0.946314,-0.00389435,-0.323226,-0.90875,0.113106,-0.401722,-0.348521,0.935917,0.0509077,-0.919183,0.222951,-0.324648,-0.958356,0.168201,-0.230788,-0.609109,0.467638,0.640547,-0.607983,-0.584449,0.537379,-0.931924,0.00389921,-0.362632,-0.941327,-0.136707,-0.308568,-0.367491,-0.928607,0.0513698,-0.471038,-0.735754,-0.48661,-0.928142,0.0117486,-0.37204,-0.903537,-0.0430256,-0.426344,-0.880176,-0.0352071,-0.473339,-0.0430097,-0.574767,-0.817186,-0.176305,-0.0430969,-0.983392,-0.514795,-0.640547,0.569812,-0.317505,-0.944677,0.0823163,-0.372086,-0.896923,0.238918,-0.129378,-0.905646,-0.403816,-0.599401,-0.238977,0.763943,-0.0430281,-0.794066,-0.606306,-0.61043,-0.0275679,0.79159,0.0353262,-0.592695,-0.804652,-0.542196,0.51099,0.667018,0.121544,-0.0352871,-0.991959,-0.554882,0.499787,0.665071,0.113836,-0.0274777,-0.99312,-0.3014,0.951173,0.066543,0.0818946,0.409473,-0.908639,-0.292534,0.955611,0.0351041,-0.0273966,0.794504,-0.606641,-0.0430888,0.810855,-0.583659,-0.81006,0.57526,0.113487,-0.925421,0.0117141,-0.378759,-0.898246,0.286341,0.33341,-0.921895,-0.10592,0.372681,-0.660181,0.714871,-0.230477,-0.848051,-0.46506,0.254025,-0.473745,0.606864,-0.638186,-0.755505,-0.653727,-0.0430598,-0.386639,0.191367,-0.902158,-0.620512,-0.714174,-0.323915,-0.396609,-0.184561,-0.899243,-0.468159,-0.523237,-0.712074]},"texCoord0":{"type":"float32","components":2,"data":[0,0,0,0,0,0,0,0,0,0,0,0,0,0,0,0,0,0,0,0,0,0,0,0,0,0,0,0,0,0,0,0,0,0,0,0,0,0,0,0,0,0,0,0,0,0,0,0,0,0,0,0,0,0,0,0,0,0,0,0,0,0,0,0,0,0,0,0,0,0,0,0,0,0,0,0,0,0,0,0,0,0,0,0,0,0,0,0,0,0,0,0,0,0,0,0,0,0,0,0,0,0,0,0,0,0,0,0,0,0,0,0,0,0,0,0,0,0,0,0,0,0,0,0,0,0,0,0,0,0,0,0,0,0,0,0,0,0]},"texCoord1":{"type":"float32","components":2,"data":[0,0,0,0,0,0,0,0,0,0,0,0,0,0,0,0,0,0,0,0,0,0,0,0,0,0,0,0,0,0,0,0,0,0,0,0,0,0,0,0,0,0,0,0,0,0,0,0,0,0,0,0,0,0,0,0,0,0,0,0,0,0,0,0,0,0,0,0,0,0,0,0,0,0,0,0,0,0,0,0,0,0,0,0,0,0,0,0,0,0,0,0,0,0,0,0,0,0,0,0,0,0,0,0,0,0,0,0,0,0,0,0,0,0,0,0,0,0,0,0,0,0,0,0,0,0,0,0,0,0,0,0,0,0,0,0,0,0]}}],"meshes":[{"aabb":{"min":[-92.6793,-1.19785,32.1255],"max":[-91.278,1.02167,34.2439]},"vertices":0,"indices":[0,1,2,1,3,2,4,3,5,5,6,4,6,5,7,8,6,7,8,7,9,10,8,9,10,9,11,12,11,13,14,12,13,15,14,13,15,16,14,17,16,15,18,16,17,17,19,18,18,19,0,20,21,8,8,22,20,20,22,23,24,23,22,23,24,25,25,26,23,27,26,25,28,26,27,26,28,29,18,29,28,30,18,31,31,32,30,32,33,30,33,32,34,34,32,35,36,34,35,36,37,34,38,34,37,38,37,39,39,37,8,40,41,42,41,43,42,44,40,42,42,43,45,46,40,44,43,47,45,44,48,46,45,47,49,50,46,48,47,51,49,50,48,52,51,53,49,54,52,48,49,53,55,55,52,54,53,56,55,52,55,56,57,58,59,59,58,60,61,58,57,58,62,60,58,61,63,62,58,64,65,58,63,58,66,64,67,58,65,66,58,68,68,58,67],"type":"triangles","base":0,"count":195}],"meshInstances":[{"node":3,"mesh":0}]}}