{"model":{"version":2,"nodes":[{"name":"RootNode","position":[0,0,0],"rotation":[0,0,0],"scale":[1,1,1],"scaleCompensation":false},{"name":"op","position":[0,0,0],"rotation":[-90,-0,0],"scale":[0.01,0.01,0.01],"scaleCompensation":false},{"name":"basic_static","position":[0,0,0],"rotation":[0,0,0],"scale":[1,1,1],"scaleCompensation":false},{"name":"basic_static_bf","position":[0,0,0],"rotation":[0,0,0],"scale":[1,1,1],"scaleCompensation":false}],"parents":[-1,0,1,2],"skins":[],"morphs":[],"vertices":[{"position":{"type":"float32","components":3,"data":[373.634,0,25.4072,371.025,-38.3011,22.5702,373.634,0,22.5702,371.025,-38.9999,25.4072,-63.8083,-60.2936,60.7422,-80.1874,-45.1759,56.0718,-82.2006,-45.6763,52.8642,-64.1314,-61.3071,59.7764,-80.1874,-45.1759,56.0718,-84.0574,-33.4104,55.1509,-82.2006,-45.6763,52.8642,-83.5028,-33.6599,57.1926,-85.6119,0,58.0718,-86.1666,0,56.03,-45.3625,-73.4468,64.114,-64.1314,-61.3071,59.7764,-45.6855,-74.9168,62.8488,-63.8083,-60.2936,60.7422,-41.8826,-73.8114,64.614,-45.6855,-74.9168,62.8488,-42.2057,-76.5647,63.7536,-45.3625,-73.4468,64.114,-1.6114,-80.2307,69.7482,30.4383,-81.1442,72.2145,-1.28837,-78.0657,70.4462,31.274,-79.9273,73.0276,33.5927,-79.8096,73.4583,31.274,-79.9273,73.0276,32.6461,-81.252,72.3071,30.4383,-81.1442,72.2145,51.8336,-81.486,73.9784,52.2958,-80.0588,74.5023,35.6703,-76.8683,80.7324,36.3188,-78.7899,77.3107,39.0449,-77.2191,81.1631,33.4722,-78.6733,76.88,38.9371,-73.6497,81.5976,39.0449,-77.2191,81.1631,41.2559,-73.5321,81.855,35.6703,-76.8683,80.7324,-21.9085,-79.165,67.1218,-1.6114,-80.2307,69.7482,-21.5855,-76.5092,68.1582,-1.28837,-78.0657,70.4462,-31.9187,-85.1511,61.3569,-42.2057,-76.5647,63.7536,-34.513,-84.6687,61.6234,-45.6855,-74.9168,62.8488,-34.513,-84.6687,61.6234,-48.5066,-85.6446,47.3777,-31.9187,-85.1511,61.3569,-49.0567,-85.2649,49.5495,-51.8333,-84.8716,47.8497,-51.2832,-85.2513,45.605,-48.5066,-85.6446,47.3777,-49.0567,-85.2649,49.5495,-56.1823,-83.3207,44.9916,-51.8333,-84.8716,47.8497,-56.7324,-82.941,47.2363,-51.2832,-85.2513,45.605,-58.8497,-81.4487,44.6263,-56.7324,-82.941,47.2363,-59.3998,-81.069,46.871,-56.1823,-83.3207,44.9916,-62.6856,-77.6994,46.078,-58.8497,-81.4487,44.6263,-59.3998,-81.069,46.871,-62.1355,-78.0791,43.8333,-62.6856,-77.6994,46.078,-74.0653,-64.4036,41.6237,-62.1355,-78.0791,43.8333,-74.6154,-64.0239,43.8684,-84.5965,-49.122,39.3547,-84.9848,-48.6508,41.229,-84.9848,-48.6508,41.229,-86.3729,-47.4947,37.9368,-84.5965,-49.122,39.3547,-85.9846,-47.9659,36.0625,-86.3729,-47.4947,37.9368,-88.5193,-45.2862,31.6724,-85.9846,-47.9659,36.0625,-88.131,-45.7574,29.7981,-90.0026,-42.0939,26.1156,-88.131,-45.7574,29.7981,-90.3909,-41.6227,27.9899,-88.5193,-45.2862,31.6724,-90.0026,-42.0939,26.1156,-91.5488,-37.8873,26.2989,-91.1604,-38.3585,24.4246,-90.3909,-41.6227,27.9899,-92.4663,-24.4342,22.8042,-91.5488,-37.8873,26.2989,-92.8546,-23.963,24.6785,-91.1604,-38.3585,24.4246,-93.3417,-7.62939e-06,22.8042,-92.8546,-23.963,24.6785,-93.73,-1.52588e-05,24.6785,-92.4663,-24.4342,22.8042,33.5927,-79.8096,73.4583,31.274,-79.9273,73.0276,373.634,0,25.4072,371.025,38.3011,22.5702,371.025,38.9999,25.4072,373.634,0,22.5702,-63.8083,60.2936,60.7422,-82.2006,45.6763,52.8642,-80.1874,45.1759,56.0718,-64.1314,61.3071,59.7764,-80.1874,45.1759,56.0718,-84.0574,33.4104,55.1509,-83.5028,33.6599,57.1926,-82.2006,45.6763,52.8642,-85.6119,0,58.0718,-86.1666,0,56.03,-64.1314,61.3071,59.7764,-45.3625,73.4468,64.114,-45.6855,74.9168,62.8488,-63.8083,60.2936,60.7422,-45.6855,74.9168,62.8488,-41.8826,73.8114,64.614,-42.2057,76.5647,63.7536,-45.3625,73.4468,64.114,30.4383,81.1442,72.2145,-1.6114,80.2307,69.7482,-1.28837,78.0657,70.4462,31.274,79.9273,73.0276,32.6461,81.252,72.3071,30.4383,81.1442,72.2145,31.274,79.9273,73.0276,33.5927,79.8096,73.4583,51.8336,81.486,73.9784,52.2958,80.0588,74.5023,36.3188,78.7899,77.3107,35.6703,76.8683,80.7324,39.0449,77.2191,81.1631,33.4722,78.6733,76.88,38.9371,73.6497,81.5976,39.0449,77.2191,81.1631,35.6703,76.8683,80.7324,41.2559,73.5321,81.855,-1.6114,80.2307,69.7482,-21.9085,79.165,67.1218,-21.5855,76.5092,68.1582,-1.28837,78.0657,70.4462,-34.513,84.6687,61.6234,-45.6855,74.9168,62.8488,-42.2057,76.5647,63.7536,-31.9187,85.1511,61.3569,-48.5066,85.6446,47.3777,-34.513,84.6687,61.6234,-31.9187,85.1511,61.3569,-49.0567,85.2649,49.5495,-51.8333,84.8716,47.8497,-48.5066,85.6446,47.3777,-51.2832,85.2513,45.605,-49.0567,85.2649,49.5495,-51.8333,84.8716,47.8497,-56.1823,83.3207,44.9916,-56.7324,82.941,47.2363,-51.2832,85.2513,45.605,-56.7324,82.941,47.2363,-58.8497,81.4487,44.6263,-59.3998,81.069,46.871,-56.1823,83.3207,44.9916,-62.6856,77.6994,46.078,-59.3998,81.069,46.871,-58.8497,81.4487,44.6263,-62.1355,78.0791,43.8333,-62.6856,77.6994,46.078,-74.0653,64.4036,41.6237,-74.6154,64.0239,43.8684,-62.1355,78.0791,43.8333,-84.5965,49.122,39.3547,-84.9848,48.6508,41.229,-84.5965,49.122,39.3547,-85.9846,47.9659,36.0625,-86.3729,47.4947,37.9368,-84.9848,48.6508,41.229,-85.9846,47.9659,36.0625,-88.131,45.7574,29.7981,-88.5193,45.2862,31.6724,-86.3729,47.4947,37.9368,-90.3909,41.6227,27.9899,-88.131,45.7574,29.7981,-90.0026,42.0939,26.1156,-88.5193,45.2862,31.6724,-90.0026,42.0939,26.1156,-91.5488,37.8873,26.2989,-90.3909,41.6227,27.9899,-91.1604,38.3585,24.4246,-91.5488,37.8873,26.2989,-92.4663,24.4342,22.8042,-92.8546,23.963,24.6785,-91.1604,38.3585,24.4246,-92.8546,23.963,24.6785,-93.3417,-7.62939e-06,22.8042,-93.73,-1.52588e-05,24.6785,-92.4663,24.4342,22.8042,33.5927,79.8096,73.4583,31.274,79.9273,73.0276]},"normal":{"type":"float32","components":3,