{"model":{"version":2,"nodes":[{"name":"RootNode","position":[0,0,0],"rotation":[0,0,0],"scale":[1,1,1],"scaleCompensation":false},{"name":"op","position":[0,0,0],"rotation":[-90,-0,0],"scale":[0.01,0.01,0.01],"scaleCompensation":false},{"name":"UNIQ_static","position":[0,0,0],"rotation":[0,0,0],"scale":[1,1,1],"scaleCompensation":false},{"name":"basic_logo_z","position":[0,0,-43.8],"rotation":[0,0,0],"scale":[1,1,1],"scaleCompensation":false}],"parents":[-1,0,1,2],"skins":[],"morphs":[],"vertices":[{"position":{"type":"float32","components":3,"data":[-93.4229,-3.26444,88.2119,-93.316,-3.68131,88.2075,-93.2635,-3.68132,88.3552,-93.4147,-3.07904,88.3615,-93.6946,-3.10401,87.5181,-93.5165,-3.29262,87.9188,-93.5731,-3.27798,87.7601,-93.65,-3.28523,87.5156,-93.4221,-3.68142,87.8991,-93.4695,-3.68139,87.756,-93.4226,-3.87574,87.7325,-93.3423,-3.95593,87.9029,-93.4184,-4.12652,87.5224,-93.4666,-3.97248,87.51,-93.2435,-3.94752,88.1973,-93.1505,-4.10741,88.3223,-93.8352,-1.89383,87.7668,-93.9407,-1.6763,87.5271,-93.9171,-1.8611,87.5261,-93.6489,-1.80272,88.3589,-93.7848,-1.91414,87.9148,-93.7239,-2.58865,87.762,-93.6739,-1.95964,88.2195,-93.677,-2.56549,87.9108,-93.508,-2.66805,88.3545,-93.5826,-2.51373,88.2161,-93.756,-2.8097,87.5197,-93.7926,-2.62494,87.5212,-93.8099,0.338274,88.2275,-93.7612,0.337417,88.3767,-93.7594,1.19721,88.2229,-93.6999,1.35773,88.3554,-93.9413,1.20105,87.6801,-93.9728,1.36964,87.5468,-93.9842,0.514838,87.6808,-94.0342,0.353679,87.5454,-93.9193,0.508654,87.8792,-93.8754,0.324015,88.028,-93.8544,0.835264,88.0271,-93.9027,0.836197,87.8787,-93.3161,3.65858,88.2073,-93.2636,3.65856,88.3551,-93.2402,3.93898,88.1956,-93.1528,4.10178,88.3069,-93.4155,3.9563,87.6638,-93.4037,4.12445,87.5448,-93.5493,3.65851,87.5112,-93.5011,3.65847,87.6597,-93.4284,3.05326,88.3295,-93.4294,3.22245,88.2068,-93.6852,3.07997,87.5497,-93.6076,3.23987,87.6687,-93.2043,4.62928,87.6356,-92.9382,5.30354,87.6213,-92.9121,5.48651,87.482,-93.3003,4.47947,87.5125,-92.6207,5.44256,88.3228,-93.1327,4.61845,87.8513,-92.8683,5.29357,87.8397,-93.0768,4.64057,87.9898,-93.0061,4.63092,88.2037,-92.8209,5.2862,87.9751,-93.0217,4.46614,88.331,-92.7427,5.27427,88.1917,-92.6831,-5.32181,88.32,-92.7624,-5.27802,88.1701,-92.6851,-5.47385,88.1297,-93.0368,-4.43687,88.3454,-92.9421,-5.30424,87.643,-93.0198,-4.61947,88.1937,-92.8603,-5.4922,87.6342,-93.3112,-4.47485,87.5016,-92.9913,-5.32356,87.488,-93.2009,-4.6449,87.6464,-93.7642,2.74684,87.5202,-93.7999,2.56422,87.5217,-93.7218,2.55935,87.7663,-93.4885,2.73053,88.3647,-93.675,2.55657,87.9095,-93.8244,1.96861,87.7637,-93.5705,2.55034,88.218,-93.7875,1.86881,87.9165,-93.6847,1.86445,88.2202,-93.6594,1.69771,88.3591,-93.9309,1.71442,87.5405,-93.9121,1.87101,87.5288,-93.7596,-0.13421,88.3764,-93.7593,0.0544644,88.3761,-94.0422,-0.103242,87.5379,-93.9959,-0.258772,87.6684,-93.9931,-0.416042,87.6686,-94.0292,-0.556917,87.5382,-93.7958,-0.703288,88.2238,-93.7489,-0.578577,88.3721,-93.7361,-0.826577,88.3724,-93.9639,-0.995153,87.6673,-94.0139,-0.855281,87.5382,-93.9809,-1.30919,87.5352,-93.9505,-1.15252,87.6666,-93.7026,-1.27137,88.3742,-93.682,-1.45991,88.3728]},"normal":{"type":"float32","components":3,"data":[-0.924238,-0.214486,0.315879,-0.916439,-0.245684,0.315879,-0.916439,-0.245684,0.315879,-0.923452,-0.20651,0.323403,-0.937068,-0.19996,0.286217,-0.930887,-0.216029,0.294585,-0.930887,-0.216029,0.294585,-0.93302,-0.216524,0.287386,-0.924803,-0.240055,0.29515,-0.924803,-0.240055,0.29515,-0.923317,-0.255386,0.286818,-0.91722,-0.261505,0.300536,-0.917556,-0.277219,0.285028,-0.923488,-0.263292,0.279011,-0.915628,-0.255433,0.310449,-0.907701,-0.276596,0.315553,-0.94771,-0.121905,0.294931,-0.952341,-0.105816,0.286094,-0.951523,-0.113556,0.285848,-0.938582,-0.120731,0.323246,-0.945491,-0.121619,0.302086,-0.940369,-0.169188,0.295095,-0.940009,-0.128715,0.315937,-0.938164,-0.168791,0.302254,-0.932616,-0.169209,0.318742,-0.937125,-0.160762,0.309761,-0.939904,-0.184835,0.287084,-0.940009,-0.17552,0.292534,-0.94574,0.0350273,0.323031,-0.94574,0.0350273,0.323031,-0.944039,0.0900949,0.317291,-0.943344,0.0978572,0.317058,-0.95164,0.0900728,0.293716,-0.953102,0.0980557,0.286323,-0.954631,0.0432137,0.294639,-0.958004,0.0273715,0.285446,-0.952399,0.0431127,0.301789,-0.950649,0.0273849,0.309059,-0.946084,0.0739736,0.315361,-0.951173,0.0665429,0.3014,-0.915628,0.255433,0.310449,-0.915628,0.255433,0.310449,-0.912086,0.277932,0.301419,-0.906538,0.286482,0.310028,-0.913498,0.283768,0.291542,-0.913498,0.291542,0.283768,-0.926495,0.254102,0.277558,-0.923317,0.255385,0.286818,-0.923089,0.216042,0.318171,-0.923773,0.224064,0.310545,-0.934029,0.214944,0.285289,-0.929741,0.231454,0.286376,-0.897732,0.330334,0.291472,-0.876277,0.381161,0.294712,-0.873637,0.387848,0.293824,-0.906315,0.317799,0.278564,-0.851124,0.411834,0.325545,-0.896208,0.332654,0.293518,-0.874228,0.380269,0.301863,-0.889691,0.338005,0.306924,-0.890401,0.33341,0.309875,-0.867615,0.38866,0.310143,-0.889852,0.330295,0.314751,-0.865483,0.387705,0.317213,-0.863314,-0.386734,0.324231,-0.870012,-0.378436,0.316014,-0.863497,-0.390348,0.319376,-0.900912,-0.302927,0.310795,-0.878618,-0.370972,0.300683,-0.892118,-0.323344,0.315553,-0.871606,-0.386946,0.300958,-0.907922,-0.307836,0.284456,-0.88523,-0.365895,0.287208,-0.902268,-0.31638,0.292944,-0.938511,0.192414,0.286658,-0.937332,0.190578,0.291701,-0.93776,0.184413,0.294276,-0.928655,0.192,0.317389,-0.935573,0.183983,0.301419,-0.944735,0.145042,0.294005,-0.929722,0.190612,0.315094,-0.943576,0.137034,0.301474,-0.938013,0.14401,0.315266,-0.937672,0.128395,0.322933,-0.950649,0.121276,0.285586,-0.945568,0.143975,0.291842,-0.946314,-0.00389435,0.323227,-0.946141,0.0194679,0.323168,-0.958356,0.0039116,0.285551,-0.953929,-0.0116808,0.299806,-0.955339,-0.0196572,0.294858,-0.958004,-0.0273716,0.285446,-0.9473,-0.0353764,0.318387,-0.947535,-0.0275218,0.318466,-0.947008,-0.0432245,0.318289,-0.953866,-0.0588807,0.294403,-0.954566,-0.0584428,0.292214,-0.954454,-0.0824838,0.286729,-0.953396,-0.0666985,0.294258,-0.945258,-0.0745225,0.317701,-0.944039,-0.090095,0.317291]},"color":{"type":"uint8","components":4,"data":[255,0,0,255,255,0,0,255,255,0,0,255,255,0,0,255,255,0,0,255,255,0,0,255,255,0,0,255,255,0,0,255,255,0,0,255,255,0,0,255,255,0,0,255,255,0,0,255,255,0,0,255,255,0,0,255,255,0,0,255,255,0,0,255,255,0,0,255,255,0,0,255,255,0,0,255,255,0,0,255,255,0,0,255,255,0,0,255,255,0,0,255,255,0,0,255,255,0,0,255,255,0,0,255,255,0,0,255,255,0,0,255,255,0,0,255,255,0,0,255,255,0,0,255,255,0,0,255,255,0,0,255,255,0,0,255,255,0,0,255,255,0,0,255,255,0,0,255,255,0,0,255,255,0,0,255,255,0,0,255,255,0,0,255,255,0,0,255,255,0,0,255,255,0,0,255,255,0,0,255,255,0,0,255,255,0,0,255,255,0,0,255,255,0,0,255,255,0,0,255,255,0,0,255,255,0,0,255,255,0,0,255,255,0,0,255,255,0,0,255,255,0,0,255,255,0,0,255,255,0,0,255,255,0,0,255,255,0,0,255,255,0,0,255,255,0,0,255,255,0,0,255,255,0,0,255,255,0,0,255,255,0,0,255,255,0,0,255,255,0,0,255,255,0,0,255,255,0,0,255,255,0,0,255,255,0,0,255,255,0,0,255,255,0,0,255,255,0,0,255,255,0,0,255,255,0,0,255,255,0,0,255,255,0,0,255,255,0,0,255,255,0,0,255,255,0,0,255,255,0,0,255,255,0,0,255,255,0,0,255,255,0,0,255,255,0,0,255,255,0,0,255,255,0,0,255,255,0,0,255,255,0,0,255,255,0,0,255,255,0,0,255,255,0,0,255,255,0,0,255,255,0,0,255,255,0,0,255,255,0,0,255,255,0,0,255,255,0,0,255,255,0,0,255]},"texCoord0":{"type":"float32","components":2,