{"model":{"version":2,"nodes":[{"name":"RootNode","position":[0,0,0],"rotation":[0,0,0],"scale":[1,1,1],"scaleCompensation":false},{"name":"BW_FC_1_ground","position":[0,0,0],"rotation":[90,-0.067969,-180],"scale":[0.0074625,0.0074625,0.0074625],"scaleCompensation":false}],"parents":[-1,0],"skins":[],"morphs":[],"vertices":[{"position":{"type":"float32","components":3,"data":[-207.5,-207.5,0,-415,-207.5,0,-415,-415,0,-207.5,-415,0,0,-207.5,0,0,-415,0,207.5,-207.5,0,207.5,-415,0,415,-207.5,0,415,-415,0,-207.5,0,0,-415,0,0,0,0,0,207.5,0,0,415,0,0,-207.5,207.5,0,-415,207.5,0,0,207.5,0,207.5,207.5,0,415,207.5,0,-207.5,415,0,-415,415,0,0,415,0,207.5,415,0,415,415,0]},"normal":{"type":"float32","components":3,"data":[0,0,1,0,0,1,0,0,1,0,0,1,0,0,1,0,0,1,0,0,1,0,0,1,0,0,1,0,0,1,0,0,1,0,0,1,0,0,1,0,0,1,0,0,1,0,0,1,0,0,1,0,0,1,0,0,1,0,0,1,0,0,1,0,0,1,0,0,1,0,0,1,0,0,1]},"texCoord0":{"type":"float32","components":2,"data":[0.25,0.25,0,0.25,0,0,0.25,0,0.5,0.25,0.5,0,0.75,0.25,0.75,0,1,0.25,1,0,0.25,0.5,0,0.5,0.5,0.5,0.75,0.5,1,0.5,0.25,0.75,0,0.75,0.5,0.75,0.75,0.75,1,0.75,0.25,1,0,1,0.5,1,0.75,1,1,1]}}],"meshes":[{"aabb":{"min":[-415,-415,0],"max":[415,415,0]},"vertices":0,"indices":[0,1,2,0,2,3,4,0,3,4,3,5,6,4,5,6,5,7,8,6,7,8,7,9,10,11,1,10,1,0,12,10,0,12,0,4,13,12,4,13,4,6,14,13,6,14,6,8,15,16,11,15,11,10,17,15,10,17,10,12,18,17,12,18,12,13,19,18,13,19,13,14,20,21,16,20,16,15,22,20,15,22,15,17,23,22,17,23,17,18,24,23,18,24,18,19],"type":"triangles","base":0,"count":96}],"meshInstances":[{"node":1,"mesh":0}]}}