{"model":{"version":2,"nodes":[{"name":"RootNode","position":[0,0,0],"rotation":[0,0,0],"scale":[1,1,1],"scaleCompensation":false},{"name":"op","position":[0,0,0],"rotation":[-90,-0,0],"scale":[0.01,0.01,0.01],"scaleCompensation":false},{"name":"UNIQ_movable","position":[0,0,0],"rotation":[0,0,0],"scale":[1,1,1],"scaleCompensation":false},{"name":"door_B_d","position":[0,0,0],"rotation":[0,0,0],"scale":[1,1,1],"scaleCompensation":false}],"parents":[-1,0,1,2],"skins":[],"morphs":[],"vertices":[{"position":{"type":"float32","components":3,"data":[222.693,-87.7915,-5.66101,219.184,-89.3939,-2.62883,222.693,-89.3939,-2.62883,219.184,-87.7915,-5.66101,219.184,-84.5363,-6.05646,222.819,-84.5363,-6.05646,221.685,-84.5468,-8.06455,219.184,-84.5658,-8.06227,233.151,-89.3593,-3.01818,230.898,-87.7915,-5.66101,230.898,-88.6677,-2.62883,233.222,-87.7915,-5.66101,233.726,-84.5363,-6.05646,231.319,-84.5363,-6.05646,232.844,-84.5658,-8.88211,230.575,-84.5658,-8.87415,226.203,-87.7915,-5.66101,226.203,-89.3939,-2.62883,226.455,-84.5363,-6.05646,225.992,-84.5658,-8.85806,234.744,-92.3855,9.6713,233.741,-90.7911,3.32656,232.759,-91.9347,9.18719,231.475,-90.3681,3.32656,237.995,-93.1382,19.2617,236.337,-92.7933,14.8674,236.186,-93.2911,19.5793,234.31,-92.8833,14.3832,238.257,-93.7084,23.4344,240.812,-94.0591,27.2895,239.938,-93.4743,22.9888,242.161,-93.7926,26.4778,243.952,-94.3842,31.6574,245.795,-94.0478,31.0945,247.463,-94.3842,34.7962,249.231,-94.0478,34.2333,250.706,-94.5354,37.3463,252.475,-94.0478,36.7833,253.999,-94.5354,39.4725,255.849,-94.0478,38.784,258.832,-94.7179,41.8951,258.592,-94.1141,40.2021,258.93,-96.1083,40.7805,259.17,-96.0274,42.4734,259.712,-95.4825,48.6413,259.554,-96.0274,45.8418,259.531,-94.861,48.6317,259.216,-94.8544,45.2634,209.736,-87.9033,-5.66101,209.736,-89.5057,-2.62883,209.736,-84.5363,-6.05646,209.736,-84.5658,-8.06227,158.567,-87.4332,-5.00207,158.567,-90.1122,-2.62883,158.567,-84.702,-6.58481,158.567,-84.5658,-8.06227]},"normal":{"type":"float32","components":3,"data":[0,0.572734,0.819741,-0.00763504,0.884107,0.467222,0,0.884133,0.467235,-0.00463052,0.570572,0.821235,-0.000788847,0.579286,0.815124,0.000226871,0.655691,0.75503,-0.000851659,0.999959,-0.00897642,-0.000760947,0.999911,-0.013351,0.2255,0.934558,0.27523,0.00293893,0.587714,0.809064,0.101352,0.941569,0.321209,0.088969,0.549443,0.830781,-1.02588e-05,0.666959,0.745094,-1.07961e-05,0.692573,0.721347,-1.78184e-05,0.999945,-0.0104649,-1.78806e-05,0.999945,-0.0105004,-0.0230983,0.590792,0.806493,-0.0393482,0.907333,0.418568,0.000343018,0.702885,0.711303,0.000669998,0.999952,-0.00975859,0.109473,0.981703,0.155806,0.210542,0.953286,0.216604,0.143632,0.9715,0.188565,0.219568,0.951251,0.216592,-0.0733927,0.98979,0.122186,-0.0231165,0.994141,0.105587,-0.07165,0.990592,0.116594,0.0223414,0.993864,0.10833,-0.0868624,0.985544,0.145458,-0.110151,0.981992,0.153487,-0.0901092,0.984912,0.147746,-0.110878,0.981913,0.15347,-0.124284,0.98049,0.152292,-0.128776,0.980046,0.151417,-0.140723,0.975144,0.171146,-0.146806,0.969438,0.196566,-0.156316,0.959272,0.235294,-0.160717,0.954304,0.251938,-0.156787,0.945441,0.285587,-0.14569,0.937825,0.315053,0.773164,0.630003,0.0728933,0.0376227,0.950173,0.309444,0.980359,0.160926,-0.114011,0.973682,0.200426,-0.108501,0.964042,0.24798,-0.0955488,0.967312,0.232788,-0.100588,0.964042,0.24798,-0.0955487,0.969089,0.22395,-0.103498,0.00132418,0.57893,0.815376,0.000885453,0.801119,0.598504,0.00068103,0.649184,0.760631,-0.0014653,0.999742,0.0226499,0.00267112,0.579669,0.814847,0.00295258,0.783894,0.620887,0.000896172,0.662527,0.749038,-0.00177652,0.99953,0.0305918]},"texCoord0":{"type":"float32","components":2,"data":[0.760915,0.532009,0.744871,0.517325,0.760319,0.516913,0.745324,0.532659,0.745958,0.547247,0.762141,0.546505,0.75753,0.555678,0.746341,0.556188,0.80633,0.515911,0.797081,0.530108,0.796045,0.51644,0.807382,0.529532,0.810423,0.543921,0.799761,0.544517,0.80723,0.556643,0.797164,0.557175,0.776403,0.531269,0.775552,0.516301,0.778255,0.545699,0.776854,0.558223,0.802052,0.458919,0.80396,0.487665,0.794153,0.463422,0.794297,0.489967,0.802875,0.413662,0.802205,0.43481,0.794706,0.415024,0.794297,0.439544,0.797166,0.395352,0.801384,0.37445,0.805146,0.394536,0.808654,0.375693,0.8073,0.350197,0.816306,0.349608,0.817306,0.330886,0.825932,0.330608,0.827355,0.314858,0.83601,0.314992,0.838718,0.301266,0.847694,0.302151,0.856261,0.284927,0.857553,0.292786,0.863879,0.286325,0.860254,0.280062,0.847091,0.257394,0.854136,0.267109,0.844666,0.258634,0.850606,0.271598,0.703341,0.533939,0.702572,0.518691,0.703927,0.549007,0.704219,0.557929,0.47587,0.544384,0.475044,0.528478,0.476417,0.558419,0.476622,0.565017]}}],"meshes":[{"aabb":{"min":[158.567,-96.1083,-8.88211],"max":[259.712,-84.5363,48.6413]},"vertices":0,"indices":[0,1,2,1,0,3,4,0,5,0,4,3,5,6,4,4,6,7,8,9,10,9,8,11,12,13,11,13,9,11,14,13,12,13,14,15,16,2,17,2,16,0,18,5,16,5,0,16,19,5,18,5,19,6,18,15,19,15,18,13,13,18,9,18,16,9,10,9,17,17,9,16,20,21,22,21,23,22,21,8,23,8,10,23,24,25,26,25,27,26,25,20,27,20,22,27,28,29,30,31,30,29,26,28,24,30,24,28,29,32,31,33,31,32,32,34,33,35,33,34,34,36,35,37,35,36,36,38,37,39,37,38,38,40,39,39,40,41,42,40,43,40,42,41,44,45,46,46,45,47,45,43,47,47,43,40,3,48,1,49,1,48,50,3,4,3,50,48,7,51,4,50,4,51,48,52,49,53,49,52,50,52,48,52,50,54,51,54,50,54,51,55],"type":"triangles","base":0,"count":192}],"meshInstances":[{"node":3,"mesh":0}]}}