{"model":{"version":2,"nodes":[{"name":"RootNode","position":[0,0,0],"rotation":[0,0,0],"scale":[1,1,1],"scaleCompensation":false},{"name":"door_t","position":[8.88178e-15,0,0],"rotation":[-90,-0,0],"scale":[0.01,0.01,0.01],"scaleCompensation":false},{"name":"polySurface157","position":[0,0,0],"rotation":[0,0,0],"scale":[1,1,1],"scaleCompensation":false},{"name":"door_T_q_r_logo","position":[0,0,0],"rotation":[0,0,0],"scale":[1,1,1],"scaleCompensation":false}],"parents":[-1,0,1,2],"skins":[],"morphs":[],"vertices":[{"position":{"type":"float32","components":3,"data":[352.935,41.5489,43.7285,352.807,34.5536,43.0736,350.531,34.3446,42.8207,346.646,40.1592,43.4584]},"normal":{"type":"float32","components":3,"data":[0.0397549,0.11185,-0.99293,0.0397549,0.11185,-0.99293,0.0397549,0.11185,-0.99293,0.0397549,0.11185,-0.99293]},"texCoord0":{"type":"float32","components":2,"data":[0.931195,0.779624,0.114439,0.756811,0.0925611,0.49083,0.775916,0.0436504]}}],"meshes":[{"aabb":{"min":[346.646,34.3446,42.8207],"max":[352.935,41.5489,43.7285]},"vertices":0,"indices":[0,1,2,2,3,0],"type":"triangles","base":0,"count":6}],"meshInstances":[{"node":3,"mesh":0}]}}