{"model":{"version":2,"nodes":[{"name":"RootNode","position":[0,0,0],"rotation":[0,0,0],"scale":[1,1,1],"scaleCompensation":false},{"name":"op","position":[0,0,0],"rotation":[-90,-0,0],"scale":[0.01,0.01,0.01],"scaleCompensation":false},{"name":"UNIQ_movable","position":[0,0,0],"rotation":[0,0,0],"scale":[1,1,1],"scaleCompensation":false},{"name":"door_F_d","position":[0,0,0],"rotation":[0,0,0],"scale":[1,1,1],"scaleCompensation":false}],"parents":[-1,0,1,2],"skins":[],"morphs":[],"vertices":[{"position":{"type":"float32","components":3,"data":[156.945,-90.0194,-3.01459,52.3876,-87.6137,-5.80893,52.1864,-89.1974,-3.13,157.441,-88.4896,-4.81421,52.4639,-84.5592,-6.53877,157.605,-84.6215,-6.8686,52.9121,-84.54,-8.07491,157.771,-84.54,-8.07491]},"normal":{"type":"float32","components":3,"data":[0.00362025,0.820804,0.571198,0.000880674,0.59093,0.806722,0.00362025,0.820804,0.571198,0.00064587,0.56868,0.822559,-0.00101031,0.580144,0.814513,-0.000916979,0.638808,0.769366,0.000354337,0.999322,0.0368181,0.000354337,0.999322,0.0368181]},"texCoord0":{"type":"float32","components":2,"data":[0.128907,0.0748763,0.203477,0.483222,0.191377,0.485807,0.137895,0.0715721,0.215757,0.481089,0.154988,0.0683798,0.22152,0.478424,0.159634,0.0670143]}}],"meshes":[{"aabb":{"min":[52.1864,-90.0194,-8.07491],"max":[157.771,-84.54,-3.01459]},"vertices":0,"indices":[0,1,2,1,0,3,4,3,5,3,4,1,5,6,4,6,5,7],"type":"triangles","base":0,"count":18}],"meshInstances":[{"node":3,"mesh":0}]}}