{"model":{"version":2,"nodes":[{"name":"RootNode","position":[0,0,0],"rotation":[0,0,0],"scale":[1,1,1],"scaleCompensation":false},{"name":"pPlane5","position":[-4.44089e-15,0,0],"rotation":[-90,-0,0],"scale":[0.01,0.01,0.01],"scaleCompensation":false}],"parents":[-1,0],"skins":[],"morphs":[],"vertices":[{"position":{"type":"float32","components":3,"data":[342.904,63.7011,60.1475,349.096,68.2294,71.2061,335.825,66.2537,71.0305,353.397,66.1283,60.2921,335.825,66.2537,71.0305,347.553,68.625,74.3535,333.978,67.0742,74.3535,349.096,68.2294,71.2061,332.518,67.1951,76.1423,343.027,68.4416,79.267,331.058,67.316,77.931,344.964,68.5333,76.8103,325.382,66.4816,89.1608,328.22,66.6936,83.5459,327.393,66.4116,88.6673,337.526,67.8338,83.2992,331.058,67.316,77.931,343.027,68.4416,79.267,333.978,67.0742,74.3535,347.553,68.625,74.3535,349.096,-68.2294,71.2061,342.904,-63.7011,60.1475,335.825,-66.2537,71.0305,353.397,-66.1283,60.2921,347.553,-68.625,74.3535,335.825,-66.2537,71.0305,333.978,-67.0742,74.3535,349.096,-68.2294,71.2061,343.027,-68.4416,79.267,332.518,-67.1951,76.1423,331.058,-67.316,77.931,344.964,-68.5333,76.8103,327.393,-66.4116,88.6673,328.22,-66.6936,83.5459,325.382,-66.4816,89.1608,337.526,-67.8338,83.2992,331.058,-67.316,77.931,343.027,-68.4416,79.267,333.978,-67.0742,74.3535,347.553,-68.625,74.3535]},"normal":{"type":"float32","components":3,"data":[0.17056,-0.941675,0.2901,0.16298,-0.945216,0.282849,0.153035,-0.949674,0.273313,0.17056,-0.941675,0.2901,0.153035,-0.949674,0.273313,0.121418,-0.967968,0.219763,0.114992,-0.978818,0.16939,0.16298,-0.945216,0.282849,0.0976152,-0.991146,0.0900031,0.0992799,-0.994437,0.0352012,0.104677,-0.994462,-0.00932034,0.103088,-0.989528,0.101035,0.0914797,-0.995002,-0.0400209,0.0993899,-0.994363,-0.0369262,0.0914797,-0.995002,-0.0400209,0.106138,-0.99376,-0.0342816,0.104677,-0.994462,-0.00932034,0.0992799,-0.994437,0.0352012,0.114992,-0.978818,0.16939,0.121418,-0.967968,0.219763,0.16298,0.945216,0.28285,0.17056,0.941674,0.290101,0.153035,0.949674,0.273313,0.17056,0.941674,0.290101,0.121418,0.967968,0.219763,0.153035,0.949674,0.273313,0.114992,0.978817,0.169391,0.16298,0.945216,0.28285,0.09928,0.994437,0.0352014,0.0976153,0.991146,0.0900033,0.104677,0.994463,-0.00931992,0.103088,0.989528,0.101035,0.0914798,0.995002,-0.0400252,0.09939,0.994363,-0.0369281,0.0914798,0.995002,-0.0400252,0.106138,0.99376,-0.0342815,0.104677,0.994463,-0.00931992,0.09928,0.994437,0.0352014,0.114992,0.978817,0.169391,0.121418,0.967968,0.219763]},"texCoord0":{"type":"float32","components":2,"data":[0,1,1,0,0,0,1,1,1,0,0,1,1,1,0,0,1,0.5,0,1,1,1,0,0.5,1,1,1,0.5,0,1,0,0.5,1,0,0,0,1,0,0,0,1,0,0,1,0,0,1,1,0,1,1,0,1,1,0,0,0,1,1,0.5,1,1,0,0.5,0,1,1,0.5,1,1,0,0.5,1,0,0,0,1,0,0,0]}}],"meshes":[{"aabb":{"min":[325.382,-68.625,60.1475],"max":[353.397,68.625,89.1608]},"vertices":0,"indices":[0,1,2,1,0,3,4,5,6,5,4,7,8,9,10,9,8,11,12,13,14,15,14,13,16,15,13,15,16,17,18,11,8,11,18,19,20,21,22,21,20,23,24,25,26,25,24,27,28,29,30,29,28,31,32,33,34,33,32,35,35,36,33,36,35,37,31,38,29,38,31,39],"type":"triangles","base":0,"count":72}],"meshInstances":[{"node":1,"mesh":0}]}}