{"model":{"version":2,"nodes":[{"name":"RootNode","position":[0,0,0],"rotation":[0,0,0],"scale":[1,1,1],"scaleCompensation":false},{"name":"pCube2","position":[0,0,0],"rotation":[-90,-0,0],"scale":[0.01,0.01,0.01],"scaleCompensation":false}],"parents":[-1,0],"skins":[],"morphs":[],"vertices":[{"position":{"type":"float32","components":3,"data":[354.806,2.61115,38.833,357.515,2.61115,39.452,355.321,2.61115,38.0356,357,2.61115,40.2494,357.515,-2.61115,39.452,354.806,-2.61115,38.833,355.321,-2.61115,38.0356,357,-2.61115,40.2494,358.612,-1.30571,40.16,358.612,1.30571,40.16,358.097,-1.30571,40.9575,358.097,1.30571,40.9575,353.71,1.30571,38.125,354.224,-1.30571,37.3275,353.71,-1.30571,38.125,354.224,1.30571,37.3275,358.097,1.30571,40.9575,353.71,1.30571,38.125,353.71,-1.30571,38.125,358.097,-1.30571,40.9575,354.224,1.30571,37.3275,353.71,1.30571,38.125,355.321,2.61115,38.0356,354.806,2.61115,38.833,357.515,2.61115,39.452,357,2.61115,40.2494,358.612,1.30571,40.16,358.097,1.30571,40.9575,353.71,-1.30571,38.125,355.321,-2.61115,38.0356,354.806,-2.61115,38.833,354.224,-1.30571,37.3275,357,-2.61115,40.2494,358.612,-1.30571,40.16,358.097,-1.30571,40.9575,357.515,-2.61115,39.452,354.806,-2.61115,38.833,357,-2.61115,40.2494,354.806,2.61115,38.833,357,2.61115,40.2494,354.609,0.26781,38.3811,355.312,-8.0439e-13,37.5593,355.27,0.26781,37.4656,354.679,-5.4339e-18,38.4322,353.506,0.267811,39.984,353.602,5.25698e-07,39.9904,353.384,0.267811,40.4271,353.478,5.59643e-07,40.4127,353.638,5.93588e-07,40.835,355.315,0.267811,42.1553,355.32,5.93588e-07,42.0566,353.546,0.267811,40.8702,355.781,5.59643e-07,42.1071,355.796,0.267811,42.201,356.168,5.25698e-07,41.8545,357.414,0.26781,40.4188,357.344,-5.92789e-18,40.3676,356.203,0.267811,41.9436,358.154,0.26781,39.5365,358.052,-8.2521e-13,39.5256,354.425,0.433326,38.2472,355.16,0.433326,37.2203,353.256,0.433327,39.9675,353.138,0.433327,40.4649,353.304,0.433327,40.9623,355.302,0.433327,42.4138,355.837,0.433327,42.4468,357.598,0.433326,40.5527,356.297,0.433327,42.1769,358.422,0.433326,39.5652,354.197,0.433326,38.0817,355.024,0.433326,36.9171,352.946,0.433327,39.947,352.833,0.433327,40.5115,355.286,0.433327,42.7334,353.005,0.433327,41.0761,355.886,0.433327,42.7507,357.826,0.433326,40.7182,356.412,0.433327,42.4652,358.752,0.433326,39.6006,354.013,0.26781,37.9478,354.914,0.26781,36.6718,352.695,0.267811,39.9304,352.587,0.267811,40.5493,352.763,0.267811,41.1681,355.273,0.267811,42.9919,355.926,0.267811,42.9966,358.011,0.26781,40.8521,356.505,0.267811,42.6984,359.019,0.26781,39.6292,353.942,2.71574e-08,37.8966,354.872,2.71566e-08,36.5781,352.6,5.52856e-07,39.9241,352.493,5.86801e-07,40.5637,355.268,6.20745e-07,43.0906,352.671,6.20746e-07,41.2033,355.942,5.868e-07,43.0905,358.081,2.71574e-08,40.9033,356.541,5.52856e-07,42.7875,359.121,2.71566e-08,39.6402,354.914,-0.26781,36.6718,354.013,-0.26781,37.9478,352.695,-0.26781,39.9304,352.587,-0.26781,40.5493,352.763,-0.26781,41.1681,355.273,-0.26781,42.9919,355.926,-0.26781,42.9966,356.505,-0.26781,42.6984,358.011,-0.26781,40.8521,359.019,-0.26781,39.6292,355.024,-0.433326,36.9171,354.197,-0.433326,38.0817,352.946,-0.433326,39.947,352.833,-0.433326,40.5115,355.286,-0.433326,42.7334,353.005,-0.433326,41.0761,355.886,-0.433326,42.7507,356.412,-0.433326,42.4652,357.826,-0.433326,40.7182,358.752,-0.433326,39.6006,355.16,-0.433326,37.2203,354.425,-0.433326,38.2472,353.256,-0.433326,39.9675,353.138,-0.433326,40.4649,353.304,-0.433326,40.9623,355.302,-0.433326,42.4138,355.837,-0.433326,42.4468,356.297,-0.433326,42.1769,357.598,-0.433326,40.5527,358.422,-0.433326,39.5652,355.27,-0.26781,37.4656,354.609,-0.26781,38.3811,353.506,-0.26781,39.984,353.384,-0.26781,40.4271,355.315,-0.26781,42.1553,353.546,-0.26781,40.8702,355.796,-0.26781,42.201,356.203,-0.26781,41.9436,357.414,-0.26781,40.4188,358.154,-0.26781,39.5365,355.312,-8.0439e-13,37.5593,354.679,-5.4339e-18,38.4322,353.602,5.25698e-07,39.9904,353.478,5.59643e-07,40.4127,353.638,5.93588e-07,40.835,355.32,5.93588e-07,42.0566,355.781,5.59643e-07,42.1071,356.168,5.25698e-07,41.8545,357.344,-5.92789e-18,40.3676,358.052,-8.2521e-13,39.5256]},"normal":{"type":"float32","components":3,