{"model":{"version":2,"nodes":[{"name":"RootNode","position":[0,0,0],"rotation":[0,0,0],"scale":[1,1,1],"scaleCompensation":false},{"name":"door_T_hp","position":[2.4869e-14,0,0],"rotation":[-90,-0,0],"scale":[0.01,0.01,0.01],"scaleCompensation":false}],"parents":[-1,0],"skins":[],"morphs":[],"vertices":[{"position":{"type":"float32","components":3,"data":[319.079,-8.58268,113.435,319.291,0,113.429,315.306,0,116.435,315.105,-8.58268,116.454,318.505,-17.1654,113.293,314.622,-17.1654,116.228,314.091,-22.1627,116.178,317.887,-24.5265,113.015,313.322,-24.7117,116.522,312.389,-26.7139,117.2,316.563,-35.6728,112.248,311.372,-35.6332,116.566,316.218,-39.7178,111.624,310.473,-40.2119,116.194,309.778,-43.1695,115.962,317.217,-44.7746,109.485,316.411,-42.3777,110.787,309.083,-46.1272,115.73,312.729,-50.2587,111.299,307.912,-49.8122,115.237,306.4,-53.46,114.533,308.85,-58.7796,109.421,311.175,-54.322,110.551,304.061,-57.4875,113.619,318.447,-46.166,108.169,320.314,-47.2833,106.343,319.553,-55.6834,103.145,322.596,-47.9334,104.005,314.934,-55.0085,107.182,317.155,-60.7376,101.904,312.666,-59.6778,106.001,321.582,-61.7975,97.8075,324.262,-56.3618,98.7735,326.806,-48.4826,100.296,326.729,-62.7126,92.6542,329.441,-56.8676,93.937,331.646,-48.6415,95.6132,331.172,-63.5811,88.3053,332.478,-57.0646,91.0312,334.476,-47.9924,93.154,336.128,-54.2154,89.1211,334.715,-59.5001,87.7151,336.566,-46.8315,91.5366,338.665,-53.8729,86.6512,339.683,-50.1016,87.2781,338.178,-44.85,90.6199,342.68,-45.5099,85.7661,341.01,-49.2147,86.2004,340.119,-42.0243,89.5163,344.055,-41.8995,85.4744,341.284,-39.892,88.9302,342.521,-35.5523,88.6471,345.589,-36.6023,85.2172,343.591,-30.7193,88.5092,346.795,-31.5596,85.0955,347.965,-24.6467,85.1304,344.555,-24.2968,88.5631,348.926,-16.8958,85.1304,345.746,-16.8253,88.3471,344.241,-12.7135,90.3646,349.469,-9.35237,85.1304,343.059,-9.01371,91.9103,349.864,0,85.1304,342.029,0,93.3188,342.258,-4.62387,92.9135,305.935,-63.1045,107.73,301.147,-61.8124,111.929,309.751,-64.0027,104.31,314.196,-65.1384,100.191,318.667,-66.1223,96.1167,323.928,-67.1448,90.9634,327.443,-66.1854,89.0502,315.105,8.58268,116.454,315.306,0,116.435,319.079,8.58268,113.435,319.291,0,113.429,314.622,17.1654,116.228,318.505,17.1654,113.293,314.091,22.1627,116.178,317.887,24.5265,113.015,313.322,24.7117,116.522,312.389,26.7139,117.2,316.563,35.6728,112.248,311.372,35.6332,116.566,316.218,39.7178,111.624,310.473,40.2119,116.194,317.217,44.7746,109.485,309.778,43.1695,115.962,316.411,42.3777,110.787,309.083,46.1272,115.73,312.729,50.2587,111.299,307.912,49.8122,115.237,306.4,53.46,114.533,308.85,58.7796,109.421,304.061,57.4875,113.619,311.175,54.322,110.551,318.447,46.166,108.169,320.314,47.2833,106.343,322.596,47.9334,104.005,319.553,55.6834,103.145,314.934,55.0085,107.182,317.155,60.7376,101.904,312.666,59.6778,106.001,321.582,61.7975,97.8075,324.262,56.3618,98.7735,326.806,48.4826,100.296,326.729,62.7126,92.6542,329.441,56.8676,93.937,331.646,48.6415,95.6132,331.172,63.5811,88.3053,332.478,57.0646,91.0312,334.476,47.9924,93.154,334.715,59.5001,87.7151,336.128,54.2154,89.1211,336.566,46.8315,91.5366,338.665,53.8729,86.6512,339.683,50.1016,87.2781,338.178,44.85,90.6199,341.01,49.2147,86.2004,342.68,45.5099,85.7661,340.119,42.0243,89.5163,344.055,41.8995,85.4744,341.284,39.892,88.9302,342.521,35.5523,88.6471,345.589,36.6023,85.2172,343.591,30.7193,88.5092,346.795,31.5596,85.0955,344.555,24.2968,88.5631,347.965,24.6467,85.1304,348.926,16.8958,85.1304,345.746,16.8253,88.3471,344.241,12.7135,90.3646,343.059,9.01371,91.9103,349.469,9.35237,85.1304,342.029,0,93.3188,349.864,0,85.1304,342.258,4.62387,92.9135,305.935,63.1045,107.73,301.147,61.8124,111.929,309.751,64.0027,104.31,314.196,65.1384,100.191,318.667,66.1223,96.1167,323.928,67.1448,90.9634,327.443,66.1854,89.0502]},"normal":{"type":"float32","components":3,"data":[0.603347,-0.033267,0.796785,0.60342,-0.0133511,0.797312,0.60342,-0.0133511,0.797312,0.60334,-0.0339979,0.796759,0.60399,-0.0636524,0.794446,0.604059,-0.0643459,0.794337,0.605927,-0.0773431,0.791752,0.624335,-0.110019,0.77337,0.609819,-0.042146,0.791419,0.632393,-0.123758,0.764698,0.630715,-0.142911,0.762742,0.630581,-0.143807,0.762684,0.622356,-0.187594,0.759922,0.622128,-0.188397,0.75991,0.617849,-0.202899,0.759668,0.607686,-0.232421,0.759407,0.617826,-0.202969,0.759667,0.610681,-0.246824,0.752427,0.596277,-0.316364,0.737813,0.588593,-0.309882,0.74668,0.536855,-0.418341,0.732651,0.491501,-0.518671,0.699577,0.559662,-0.401377,0.725035,0.480235,-0.521119,0.705556,0.592602,-0.23994,0.768929,0.603434,-0.329969,0.725939,0.588067,-0.374784,0.716739,0.607527,-0.328981,0.722968,0.578601,-0.3868,0.718057,0.520259,-0.505129,0.688604,0.508497,-0.51377,0.690993,0.546533,-0.5002,0.671642,0.609917,-0.369692,0.700949,0.62603,-0.327315,0.707779,0.566312,-0.488228,0.664021,0.625594,-0.366706,0.688593,0.645747,-0.319997,0.693263,0.584603,-0.446271,0.677556,0.6252,-0.360847,0.692036,0.646757,-0.299902,0.701259,0.653478,-0.310363,0.690392,0.61972,-0.376598,0.688565,0.660705,-0.271544,0.699809,0.682272,-0.327395,0.653695,0.687793,-0.258342,0.678381,0.689358,-0.238533,0.684023,0.700583,-0.22125,0.678404,0.709732,-0.272031,0.64983,0.700905,-0.218402,0.678994,0.709595,-0.185847,0.679658,0.710299,-0.183006,0.679694,0.711604,-0.156042,0.685033,0.711679,-0.156368,0.684881,0.706156,-0.128875,0.696229,0.706277,-0.12953,0.695985,0.704374,-0.102525,0.702386,0.704359,-0.103167,0.702307,0.71235,-0.074416,0.697868,0.712949,-0.0732175,0.697383,0.720916,-0.0588341,0.69052,0.722465,-0.0385842,0.69033,0.725315,-0.0346256,0.687546,0.723327,-0.0286088,0.689912,0.723327,-0.0286088,0.689912,0.723571,-0.0282245,0.689673,0.456106,-0.573444,0.680536,0.448622,-0.571102,0.687445,0.468773,-0.576937,0.668877,0.473353,-0.577976,0.664742,0.497081,-0.57963,0.645709,0.515657,-0.576046,0.634246,0.514522,-0.564263,0.645658,0.60334,0.0339976,0.796759,0.60342,0.0133505,0.797312,0.603347,0.0332667,0.796785,0.60342,0.0133505,0.797312,0.60406,0.0643454,0.794337,0.60399,0.063652,0.794446,0.605928,0.0773434,0.791751,0.624336,0.110019,0.773369,0.60982,0.0421495,0.791418,0.632393,0.123758,0.764698,0.630716,0.142912,0.762741,0.630582,0.143807,0.762683,0.622356,0.187596,0.759921,0.622128,0.188398,0.75991,0.607685,0.232421,0.759407,0.617848,0.2029,0.759668,0.617826,0.20297,0.759667,0.610681,0.246823,0.752428,0.596276,0.316364,0.737813,0.588593,0.309881,0.746681,0.536854,0.418341,0.732652,0.491501,0.51867,0.699577,0.480235,0.521119,0.705556,0.559661,0.401377,0.725035,0.592601,0.239941,0.76893,0.603434,0.32997,0.725939,0.607527,0.328981,0.722968,0.588067,0.374784,0.716739,0.578601,0.3868,0.718057,0.520259,0.50513,0.688604,0.508497,0.51377,0.690993,0.546533,0.5002,0.671642,0.609917,0.369691,0.700949,0.62603,0.327315,0.707779,0.566312,0.488228,0.664021,0.625593,0.366706,0.688593,0.645746,0.319998,0.693263,0.584603,0.446271,0.677555,0.625201,0.360847,0.692036,0.646757,0.299901,0.70126,0.61972,0.376598,0.688564,0.653478,0.310363,0.690392,0.660706,0.271543,0.699809,0.682272,0.327397,0.653694,0.687793,0.258342,0.678381,0.689359,0.238533,0.684023,0.709732,0.272032,0.64983,0.700583,0.221249,0.678404,0.700905,0.218401,0.678994,0.709596,0.185846,0.679658,0.7103,0.183005,0.679694,0.711604,0.156042,0.685033,0.711679,0.156368,0.684881,0.706156,0.128874,0.696229,0.706277,0.12953,0.695985,0.70436,0.103165,0.702307,0.704374,0.102524,0.702386,0.71235,0.0744164,0.697868,0.712949,0.073218,0.697383,0.720916,0.0588364,0.69052,0.725315,0.0346288,0.687545,0.722465,0.0385849,0.69033,0.723327,0.0286086,0.689912,0.723327,0.0286086,0.689912,0.723571,0.0282246,0.689673,0.456107,0.573444,0.680535,0.448622,0.571102,0.687445,0.468773,0.576936,0.668877,0.473352,0.577976,0.664741,0.497081,0.57963,0.645709,0.515658,0.576046,0.634246,0.514523,0.564263,0.645657]},"texCoord0":{"type":"float32","components":2,