{"model":{"version":2,"nodes":[{"name":"RootNode","position":[0,0,0],"rotation":[0,0,0],"scale":[1,1,1],"scaleCompensation":false},{"name":"op","position":[0,0,0],"rotation":[-90,-0,0],"scale":[0.01,0.01,0.01],"scaleCompensation":false},{"name":"UNIQ_static","position":[0,0,0],"rotation":[0,0,0],"scale":[1,1,1],"scaleCompensation":false},{"name":"light_F_xh","position":[0,0,0],"rotation":[0,0,0],"scale":[1,1,1],"scaleCompensation":false}],"parents":[-1,0,1,2],"skins":[],"morphs":[],"vertices":[{"position":{"type":"float32","components":3,"data":[-48.984,-80.6434,57.7474,-47.6071,-81.5055,57.3627,-47.579,-81.0075,58.0619,-48.9884,-81.1204,57.1462,-47.6059,-82.1151,55.8754,-48.9847,-81.6714,55.8064,-48.9787,-81.7732,55.1088,-47.5716,-82.2359,55.1663,-45.9567,-82.4488,55.9526,-45.9276,-82.5957,55.2265,-49.9298,-80.4076,56.8841,-49.9133,-80.9046,55.727,-49.8735,-81.0155,54.9558,-45.9577,-81.8114,57.5076,-45.9315,-81.2899,58.3024,-49.9434,-79.9658,57.4159,-47.647,-80.0022,58.0871,-48.9762,-79.9564,57.7719,-48.984,-80.6434,57.7474,-47.579,-81.0075,58.0619,-46.1325,-80.1876,58.3355,-45.9315,-81.2899,58.3024,-49.8735,-81.0155,54.9558,-48.9019,-81.2823,54.7129,-48.9787,-81.7732,55.1088,-47.5716,-82.2359,55.1663,-45.8938,-81.9066,54.5255,-45.9276,-82.5957,55.2265,-47.5384,-81.6314,54.6204,-49.9434,-79.9658,57.4159,-43.469,-82.2126,57.7263,-43.4457,-81.5968,58.6213,-43.4469,-83.0348,55.2847,-43.4683,-82.8917,56.0692,-43.4469,-83.0348,55.2847,-45.9276,-82.5957,55.2265,-45.8938,-81.9066,54.5255,-43.4123,-82.4612,54.56,-37.5786,-83.1972,58.2439,-37.5503,-82.5699,59.1739,-37.5754,-84.092,55.3526,-37.5786,-83.9751,56.3452,-37.5754,-84.092,55.3526,-37.539,-83.6332,54.7957,-43.8473,-80.6884,58.618,-43.4457,-81.5968,58.6213,-38.4267,-81.6959,59.0847,-37.5503,-82.5699,59.1739]},"normal":{"type":"float32","components":3,"data":[-0.445159,-0.713043,0.541667,-0.25558,-0.861108,0.439513,-0.256138,-0.784176,0.565209,-0.446818,-0.794783,0.410698,-0.256304,-0.918751,0.30034,-0.452089,-0.853072,0.260544,-0.477159,-0.871506,0.113124,-0.262742,-0.952932,0.151287,-0.192673,-0.93191,0.307279,-0.193076,-0.965379,0.175398,-0.620089,-0.691182,0.371157,-0.639613,-0.73379,0.229014,-0.647225,-0.757057,0.0892441,-0.192751,-0.877216,0.439704,-0.193872,-0.811097,0.551847,-0.601882,-0.633353,0.486418,-0.194989,-0.0358143,0.980151,-0.258949,-0.0278869,0.965488,-0.249522,-0.0356461,0.967713,-0.187255,-0.0438258,0.981333,-0.155025,-0.0437251,0.986942,-0.147196,-0.0517177,0.987754,-0.342145,-0.554511,-0.758587,-0.231929,-0.609305,-0.758259,-0.22447,-0.6104,-0.759622,-0.161409,-0.657445,-0.736012,-0.137661,-0.711907,-0.688649,-0.138401,-0.715731,-0.684525,-0.169062,-0.656591,-0.735056,-0.352181,-0.0276997,0.935522,-0.185159,-0.878522,0.440358,-0.186239,-0.812319,0.552678,-0.18498,-0.972128,0.144048,-0.185524,-0.935514,0.300658,-0.137977,-0.752963,-0.643435,-0.138401,-0.715731,-0.684525,-0.137661,-0.711907,-0.688649,-0.137977,-0.752963,-0.643435,-0.192751,-0.877216,0.439704,-0.193034,-0.807592,0.557255,-0.185182,-0.97319,0.136411,-0.19313,-0.934117,0.300209,-0.12996,-0.767945,-0.627193,-0.12996,-0.767945,-0.627193,-0.115033,-0.0357001,0.99272,-0.107242,-0.0198597,0.994035,-0.0993921,-0.0119271,0.994977,-0.0993921,-0.0119271,0.994977]},"texCoord0":{"type":"float32","components":2,"data":[0.79541,0.133301,0.797363,0.126465,0.793945,0.126465,0.79834,0.133301,0.805176,0.126465,0.805664,0.133301,0.80957,0.133301,0.809082,0.126465,0.804688,0.118164,0.808594,0.118164,0.799805,0.137695,0.806152,0.137695,0.810059,0.137695,0.796875,0.118164,0.79248,0.118164,0.797363,0.137695,0.602539,0.0307617,0.602539,0.0244141,0.605469,0.0244141,0.607422,0.03125,0.603516,0.0380859,0.608398,0.0390625,0.194458,0.645752,0.192749,0.650391,0.189697,0.650146,0.186768,0.656982,0.188843,0.665039,0.18457,0.665039,0.190552,0.656982,0.602539,0.0200195,0.79541,0.105957,0.790527,0.105957,0.808594,0.105957,0.804199,0.105957,0.808594,0.105957,0.808594,0.118164,0.8125,0.118164,0.8125,0.105957,0.792969,0.0766602,0.788086,0.0766602,0.808105,0.0766602,0.802734,0.0766602,0.808105,0.0766602,0.811035,0.0766602,0.605957,0.0493164,0.609863,0.0507812,0.610352,0.0751953,0.614746,0.0791016]}}],"meshes":[{"aabb":{"min":[-49.9434,-84.092,54.5255],"max":[-37.539,-79.9564,59.1739]},"vertices":0,"indices":[0,1,2,1,0,3,1,3,4,3,5,4,6,7,5,4,5,7,8,4,7,8,7,9,10,5,3,5,10,11,11,6,5,6,11,12,2,13,14,13,2,1,10,3,15,0,15,3,16,17,18,16,18,19,20,16,19,19,21,20,22,23,24,25,26,27,26,25,28,18,17,29,24,28,25,28,24,23,14,30,31,30,14,13,8,32,33,32,8,9,34,35,36,34,36,37,31,38,39,38,31,30,33,40,41,40,33,32,42,34,37,42,37,43,44,20,21,21,45,44,46,44,45,45,47,46,1,8,13,8,1,4,13,33,30,33,13,8,30,41,38,41,30,33],"type":"triangles","base":0,"count":144}],"meshInstances":[{"node":3,"mesh":0}]}}