{"model":{"version":2,"nodes":[{"name":"RootNode","position":[0,0,0],"rotation":[0,0,0],"scale":[1,1,1],"scaleCompensation":false},{"name":"op","position":[0,0,0],"rotation":[-90,-0,0],"scale":[0.01,0.01,0.01],"scaleCompensation":false},{"name":"UNIQ_static","position":[0,0,0],"rotation":[0,0,0],"scale":[1,1,1],"scaleCompensation":false},{"name":"plane_01","position":[0,0,0],"rotation":[0,-0,0],"scale":[1,1,1],"scaleCompensation":false}],"parents":[-1,0,1,2],"skins":[],"morphs":[],"vertices":[{"position":{"type":"float32","components":3,"data":[28.7345,-48.9911,76.0158,28.2238,-48.7188,75.7272,28.513,-48.3802,76.0098,28.2478,-49.1749,75.6331,30.7212,-55.7235,75.6297,31.2064,-55.5405,76.0161,31.0485,-56.1084,75.7474,31.4438,-56.1456,76.0101,28.9099,-48.4203,76.2758,29.226,-48.8055,76.4022,31.6965,-55.3556,76.4065,31.7274,-55.8117,76.3002,22.8645,-4.90133e-15,77.7028,17.8285,-5.87913,74.0685,17.7241,-3.52989e-07,74.0756,22.9617,-5.79967,77.6923,28.2926,-2.65251e-15,81.4636,28.3889,-5.71514,81.4543,91.4973,-8.12825e-16,118.962,95.4792,-4.68953,120.818,91.5449,-4.74437,118.949,95.4333,3.71008e-08,120.831,18.1423,-11.7464,74.048,23.2529,-11.5882,77.6607,28.6778,-11.4193,81.4267,95.6165,-9.36918,120.779,91.6811,-9.47947,118.906,18.6688,-17.6017,74.0158,23.7376,-17.3663,77.607,29.1598,-17.113,81.3805,95.8453,-14.0385,120.712,91.9084,-14.2056,118.834,19.4145,-23.4445,73.9752,24.4162,-23.1346,77.5299,29.8369,-22.7969,81.3154,96.1656,-18.6972,120.617,92.2289,-18.9229,118.73,20.3874,-29.2616,73.9312,25.2873,-28.882,77.4276,30.7098,-28.4595,81.2313,96.5772,-23.3351,120.489,92.6433,-23.6221,118.595,21.601,-35.051,73.8917,26.351,-34.6091,77.2977,31.7824,-34.1011,81.1283,97.0802,-27.952,120.327,93.1532,-28.3033,118.425,23.074,-40.8091,73.8675,27.6079,-40.3166,77.1371,33.0657,-39.7207,81.0111,97.6752,-32.5474,120.125,93.7605,-32.9667,118.217,24.8276,-46.5182,73.8737,29.0558,-45.9931,76.9429,34.5778,-45.3038,80.8915,98.3615,-37.1113,119.881,94.4655,-37.6025,117.968,28.2238,-48.7188,75.7272,28.513,-48.3802,76.0098,28.2478,-49.1749,75.6331,27.1353,-52.7731,73.9422,28.9099,-48.4203,76.2758,29.226,-48.8055,76.4022,30.6948,-51.6392,76.7113,36.3564,-50.8441,80.7935,99.1394,-41.6431,119.588,95.2689,-42.2111,117.674,29.3221,-57.7529,74.0769,30.7212,-55.7235,75.6297,31.0485,-56.1084,75.7474,31.6965,-55.3556,76.4065,32.5255,-57.2554,76.4382,31.4438,-56.1456,76.0101,31.7274,-55.8117,76.3002,38.4618,-56.329,80.758,100.01,-46.1423,119.242,96.1705,-46.7928,117.328,30.1783,-59.4869,74.1542,34.5443,-62.8304,76.1199,32.5047,-63.5832,74.4718,39.4609,-58.6037,80.7765,40.9976,-61.7229,80.8629,100.971,-50.5989,118.836,97.3825,-52.4281,116.801,34.4079,-66.2592,74.8838,36.7511,-68.3643,75.752,36.3608,-68.437,75.4593,42.3867,-63.9786,81.0745,43.6351,-65.4438,81.4266,44.993,-66.5229,81.9698,97.8254,-55.9457,116.235,97.6736,-54.0005,116.601,102.022,-55.0123,118.365,37.0603,-69.1007,75.6989,38.0799,-69.7709,76.1508,39.9492,-70.5827,77.1231,43.4513,-71.7772,79.0433,46.044,-67.0896,82.4768,48.1477,-72.032,82.0915,46.2762,-72.415,80.6972,45.5823,-72.2962,80.2778,47.8941,-67.7148,83.4912,50.4286,-68.1127,85.0301,51.2282,-68.1688,85.5374,54.7121,-68.1451,87.8278,56.1741,-68.0309,88.8179,56.736,-70.2417,88.402,60.9842,-67.3468,92.1448,65.4664,-66.4505,95.2723,64.9552,-68.4678,94.2793,72.8066,-66.7127,99.7011,72.1432,-64.9984,99.8389,79.9663,-65.0605,104.437,79.3458,-63.37,104.578,86.4799,-63.5159,108.534,85.9015,-61.8433,108.682,92.4696,-62.0617,112.089,93.0068,-60.1344,112.865,95.5319,-59.3936,114.306,96.6642,-58.7115,115.024,98.0199,-60.6849,115.172,97.2431,-58.0504,115.462,97.6916,-56.9872,115.929,103.465,-60.4649,117.676,48.3995,-72.5987,82.0441,49.953,-72.5777,83.0841,50.9571,-72.4955,83.7803,54.946,-71.8006,86.6648,57.2037,-71.3253,88.3115,65.3892,-69.5141,94.1927,73.1951,-67.6945,99.6194,80.3162,-65.9926,104.357,86.8054,-64.4357,108.449,92.7867,-63.0202,111.991,98.3449,-61.7484,115.048,103.413,-60.5766,117.625,95.4333,3.71008e-08,120.831,91.4973,-8.12825e-16,118.962,95.4792,4.68953,120.818,91.5449,4.74437,118.949,22.8645,-4.90133e-15,77.7028,22.9617,5.79967,77.6923,28.2926,-2.65251e-15,81.4636,28.3889,5.71514,81.4543,17.8285,5.87913,74.0685,17.7241,-3.52989e-07,74.0756,95.6165,9.36918,120.779,91.6811,9.47947,118.906,23.2529,11.5882,77.6607,28.6778,11.4193,81.4267,18.1423,11.7464,74.048,95.8453,14.0385,120.712,91.9084,14.2056,118.834,23.7376,17.3663,77.607,29.1598,17.113,81.3805,23.0793,17.2493,77.1561,23.1612,17.2591,77.2126,23.2,17.3137,77.2353,18.6688,17.6017,74.0158,23.0363,17.294,77.1223,96.1656,18.6972,120.617,92.2289,18.9229,118.73,24.4162,23.1346,77.5299,29.8369,22.7969,81.3154,23.1624,18.2072,77.1342,23.1194,18.2519,77.1003,23.0375,18.2421,77.0438,22.9986,18.1875,77.0212,19.4145,23.4445,73.9752,96.5772,23.3351,120.489,92.6433,23.6221,118.595,25.2873,28.882,77.4276,30.7098,28.4595,81.2313,20.3874,29.2616,73.9312,97.0802,27.952,120.327,93.1532,28.3033,118.425,26.351,34.6091,77.2977,31.7824,34.1011,81.1283,21.601,35.051,73.8917,97.6752,32.5474,120.125,93.7605,32.9667,118.217,27.6079,40.3166,77.1371,33.0657,39.7207,81.0111,23.074,40.8091,73.8674,98.3615,37.1113,119.881,94.4655,37.6025,117.968,29.0558,45.9931,76.9429,34.5778,45.3038,80.8915,24.8276,46.5182,73.8737,99.1394,41.6431,119.588,95.2689,42.2111,117.674,30.6948,51.6392,76.7113,36.3564,50.8441,80.7935,27.1353,52.7731,73.9422,100.01,46.1423,119.242,96.1705,46.7928,117.328,32.5255,57.2554,76.4382,38.4618,56.329,80.758,29.3221,57.7529,74.0769,100.971,50.5989,118.836,97.3825,52.4281,116.801,39.4609,58.6037,80.7765,34.5443,62.8304,76.1199,40.9976,61.7229,80.8629,31.5099,61.9433,74.3138,32.274,63.2179,74.4318,102.022,55.0123,118.365,97.8091,55.1593,116.407,97.8254,55.9457,116.235,41.3571,62.3677,80.9015,42.1928,67.1777,79.8634,43.9727,65.7562,81.5476,42.6991,64.3943,81.1479,42.3219,67.168,79.9538,45.3705,66.749,82.1445,42.2638,67.1417,79.9237,42.1801,67.2398,79.8332,36.7511,68.3643,75.752,34.1923,65.9855,74.8296,36.3608,68.437,75.4593,97.6027,57.2969,115.814,103.465,60.4649,117.676,97.2431,58.0504,115.462,98.0199,60.6849,115.172,96.4769,58.8621,114.897,95.2377,59.5107,114.133,93.0068,60.1344,112.865,92.4696,62.0617,112.089,85.9015,61.8433,108.682,86.4799,63.5159,108.534,79.3458,63.37,104.578,79.9663,65.0605,104.437,72.1432,64.9984,99.8389,72.8066,66.7127,99.7011,64.2416,66.708,94.4199,64.9552,68.4678,94.2793,58.3234,67.776,90.2945,56.736,70.2417,88.402,55.8196,68.0633,88.5766,52.1179,68.2015,86.111,48.1477,72.032,82.0915,51.2282,68.1688,85.5374,48.4719,67.8419,83.8303,46.4507,67.2617,82.6884,42.7319,67.9635,79.9512,46.2762,72.415,80.6972,45.5823,72.2962,80.2778,42.7193,68.0256,79.9208,43.4513,71.7772,79.0433,41.3665,71.1138,77.8857,42.5902,68.0352,79.8304,38.0799,69.7709,76.1508,37.0603,69.1007,75.6989,42.6484,68.0614,79.8604,98.3449,61.7484,115.048,103.413,60.5766,117.625,92.7867,63.0202,111.991,86.8054,64.4357,108.449,80.3161,65.9926,104.357,73.1951,67.6945,99.6194,65.3892,69.5141,94.1927,57.2037,71.3253,88.3115,52.9843,72.1919,85.232,48.3995,72.5987,82.0441,49.953,72.5777,83.0841]},"normal":{"type":"float32","components":3,