{"model":{"version":2,"nodes":[{"name":"RootNode","position":[0,0,0],"rotation":[0,0,0],"scale":[1,1,1],"scaleCompensation":false},{"name":"op","position":[0,0,0],"rotation":[-90,-0,0],"scale":[0.01,0.01,0.01],"scaleCompensation":false},{"name":"UNIQ_static","position":[0,0,0],"rotation":[0,0,0],"scale":[1,1,1],"scaleCompensation":false},{"name":"ts_logo_z","position":[0,0,0],"rotation":[0,0,0],"scale":[1,1,1],"scaleCompensation":false}],"parents":[-1,0,1,2],"skins":[],"morphs":[],"vertices":[{"position":{"type":"float32","components":3,"data":[-93.5619,-3.34684,43.6355,-93.455,-3.76371,43.6311,-93.4025,-3.76372,43.7788,-93.5537,-3.16144,43.785,-93.8336,-3.18641,42.9417,-93.6555,-3.37502,43.3424,-93.7121,-3.36038,43.1837,-93.7891,-3.36763,42.9392,-93.5611,-3.76382,43.3227,-93.6086,-3.76378,43.1796,-93.5616,-3.95813,43.1561,-93.4813,-4.03833,43.3265,-93.5575,-4.20891,42.946,-93.6057,-4.05488,42.9336,-93.3826,-4.02991,43.6209,-93.2896,-4.18981,43.7459,-93.9742,-1.97623,43.1904,-94.0798,-1.7587,42.9507,-94.0561,-1.9435,42.9497,-93.788,-1.88512,43.7825,-93.9238,-1.99654,43.3384,-93.863,-2.67104,43.1856,-93.813,-2.04204,43.6431,-93.816,-2.64788,43.3344,-93.647,-2.75044,43.7781,-93.7216,-2.59613,43.6397,-93.8951,-2.8921,42.9433,-93.9317,-2.70734,42.9448,-93.9489,0.255877,43.6511,-93.9002,0.255019,43.8003,-93.8984,1.11481,43.6465,-93.8389,1.27534,43.779,-94.0804,1.11865,43.1037,-94.1118,1.28725,42.9704,-94.1232,0.432441,43.1044,-94.1733,0.271282,42.969,-94.0583,0.426257,43.3027,-94.0144,0.241618,43.4516,-93.9935,0.752867,43.4506,-94.0417,0.7538,43.3023,-93.4552,3.57618,43.6309,-93.4026,3.57617,43.7787,-93.3792,3.85658,43.6192,-93.2918,4.01938,43.7304,-93.5545,3.87391,43.0874,-93.5428,4.04206,42.9683,-93.6883,3.57612,42.9347,-93.6401,3.57607,43.0833,-93.5675,2.97086,43.7531,-93.5684,3.14005,43.6304,-93.8242,2.99758,42.9733,-93.7466,3.15747,43.0922,-93.3434,4.54688,43.0592,-93.0773,5.22114,43.0449,-93.0511,5.40411,42.9056,-93.4393,4.39708,42.9361,-92.7597,5.36016,43.7464,-93.2717,4.53605,43.2748,-93.0073,5.21118,43.2633,-93.2158,4.55817,43.4134,-93.1452,4.54853,43.6273,-92.9599,5.20381,43.3987,-93.1607,4.38374,43.7546,-92.8817,5.19187,43.6153,-92.8221,-5.4042,43.7436,-92.9014,-5.36041,43.5937,-92.8241,-5.55625,43.5533,-93.1758,-4.51927,43.769,-93.0811,-5.38664,43.0666,-93.1589,-4.70187,43.6173,-92.9993,-5.5746,43.0578,-93.4502,-4.55725,42.9252,-93.1303,-5.40596,42.9116,-93.3399,-4.7273,43.07,-93.9032,2.66444,42.9438,-93.9389,2.48182,42.9453,-93.8609,2.47695,43.1899,-93.6275,2.64814,43.7883,-93.8141,2.47417,43.3331,-93.9635,1.88622,43.1873,-93.7096,2.46794,43.6416,-93.9265,1.78642,43.3401,-93.8237,1.78205,43.6437,-93.7984,1.61531,43.7827,-94.0699,1.63202,42.9641,-94.0512,1.78862,42.9524,-93.8986,-0.216607,43.7999,-93.8983,-0.0279328,43.7997,-94.1812,-0.18564,42.9615,-94.1349,-0.341169,43.0919,-94.1322,-0.498439,43.0922,-94.1682,-0.639314,42.9618,-93.9349,-0.785685,43.6474,-93.888,-0.660974,43.7957,-93.8751,-0.908974,43.796,-94.103,-1.07755,43.0909,-94.1529,-0.937678,42.9618,-94.1199,-1.39159,42.9587,-94.0896,-1.23492,43.0902,-93.8416,-1.35377,43.7978,-93.821,-1.54231,43.7964]},"normal":{"type":"float32","components":3,"data":[-0.924238,-0.214486,0.315879,-0.916439,-0.245684,0.315879,-0.916439,-0.245684,0.315879,-0.923452,-0.20651,0.323403,-0.937068,-0.19996,0.286217,-0.930887,-0.216029,0.294585,-0.930887,-0.216029,0.294585,-0.93302,-0.216524,0.287386,-0.924803,-0.240055,0.29515,-0.924803,-0.240055,0.29515,-0.923317,-0.255386,0.286818,-0.91722,-0.261505,0.300536,-0.917556,-0.277219,0.285028,-0.923488,-0.263292,0.279011,-0.915628,-0.255433,0.310449,-0.907701,-0.276596,0.315553,-0.94771,-0.121905,0.294931,-0.952341,-0.105816,0.286094,-0.951523,-0.113556,0.285848,-0.938582,-0.120731,0.323246,-0.945491,-0.121619,0.302086,-0.940369,-0.169188,0.295095,-0.940009,-0.128715,0.315937,-0.938164,-0.168791,0.302254,-0.932616,-0.169209,0.318742,-0.937125,-0.160762,0.309761,-0.939904,-0.184835,0.287084,-0.940009,-0.17552,0.292534,-0.94574,0.0350273,0.323031,-0.94574,0.0350273,0.323031,-0.944039,0.0900949,0.317291,-0.943344,0.0978572,0.317058,-0.95164,0.0900728,0.293716,-0.953102,0.0980557,0.286323,-0.954631,0.0432137,0.294639,-0.958004,0.0273715,0.285446,-0.952399,0.0431127,0.301789,-0.950649,0.0273849,0.309059,-0.946084,0.0739736,0.315361,-0.951173,0.0665429,0.3014,-0.915628,0.255433,0.310449,-0.915628,0.255433,0.310449,-0.912086,0.277932,0.301419,-0.906538,0.286482,0.310028,-0.913498,0.283768,0.291542,-0.913498,0.291542,0.283768,-0.926495,0.254102,0.277558,-0.923317,0.255385,0.286818,-0.923089,0.216042,0.318171,-0.923773,0.224064,0.310545,-0.934029,0.214944,0.285289,-0.929741,0.231454,0.286376,-0.897732,0.330334,0.291472,-0.876277,0.381161,0.294712,-0.873637,0.387848,0.293824,-0.906315,0.317799,0.278564,-0.851124,0.411834,0.325545,-0.896208,0.332654,0.293518,-0.874228,0.380269,0.301863,-0.889691,0.338005,0.306924,-0.890401,0.33341,0.309875,-0.867615,0.38866,0.310143,-0.889852,0.330295,0.314751,-0.865483,0.387705,0.317213,-0.863314,-0.386734,0.324231,-0.870012,-0.378436,0.316014,-0.863497,-0.390348,0.319376,-0.900912,-0.302927,0.310795,-0.878618,-0.370972,0.300683,-0.892118,-0.323344,0.315553,-0.871606,-0.386946,0.300958,-0.907922,-0.307836,0.284456,-0.88523,-0.365895,0.287208,-0.902268,-0.31638,0.292944,-0.938511,0.192414,0.286658,-0.937332,0.190578,0.291701,-0.93776,0.184413,0.294276,-0.928655,0.192,0.317389,-0.935573,0.183983,0.301419,-0.944735,0.145042,0.294005,-0.929722,0.190612,0.315094,-0.943576,0.137034,0.301474,-0.938013,0.14401,0.315266,-0.937672,0.128395,0.322933,-0.950649,0.121276,0.285586,-0.945568,0.143975,0.291842,-0.946314,-0.00389435,0.323227,-0.946141,0.0194679,0.323168,-0.958356,0.0039116,0.285551,-0.953929,-0.0116808,0.299806,-0.955339,-0.0196572,0.294858,-0.958004,-0.0273716,0.285446,-0.9473,-0.0353764,0.318387,-0.947535,-0.0275218,0.318466,-0.947008,-0.0432245,0.318289,-0.953866,-0.0588807,0.294403,-0.954566,-0.0584428,0.292214,-0.954454,-0.0824838,0.286729,-0.953396,-0.0666985,0.294258,-0.945258,-0.0745225,0.317701,-0.944039,-0.090095,0.317291]},"color":{"type":"uint8","components":4,"data":[255,0,0,255,255,0,0,255,255,0,0,255,255,0,0,255,255,0,0,255,255,0,0,255,255,0,0,255,255,0,0,255,255,0,0,255,255,0,0,255,255,0,0,255,255,0,0,255,255,0,0,255,255,0,0,255,255,0,0,255,255,0,0,255,255,0,0,255,255,0,0,255,255,0,0,255,255,0,0,255,255,0,0,255,255,0,0,255,255,0,0,255,255,0,0,255,255,0,0,255,255,0,0,255,255,0,0,255,255,0,0,255,255,0,0,255,255,0,0,255,255,0,0,255,255,0,0,255,255,0,0,255,255,0,0,255,255,0,0,255,255,0,0,255,255,0,0,255,255,0,0,255,255,0,0,255,255,0,0,255,255,0,0,255,255,0,0,255,255,0,0,255,255,0,0,255,255,0,0,255,255,0,0,255,255,0,0,255,255,0,0,255,255,0,0,255,255,0,0,255,255,0,0,255,255,0,0,255,255,0,0,255,255,0,0,255,255,0,0,255,255,0,0,255,255,0,0,255,255,0,0,255,255,0,0,255,255,0,0,255,255,0,0,255,255,0,0,255,255,0,0,255,255,0,0,255,255,0,0,255,255,0,0,255,255,0,0,255,255,0,0,255,255,0,0,255,255,0,0,255,255,0,0,255,255,0,0,255,255,0,0,255,255,0,0,255,255,0,0,255,255,0,0,255,255,0,0,255,255,0,0,255,255,0,0,255,255,0,0,255,255,0,0,255,255,0,0,255,255,0,0,255,255,0,0,255,255,0,0,255,255,0,0,255,255,0,0,255,255,0,0,255,255,0,0,255,255,0,0,255,255,0,0,255,255,0,0,255,255,0,0,255,255,0,0,255,255,0,0,255,255,0,0,255,255,0,0,255,255,0,0,255,255,0,0,255,255,0,0,255,255,0,0,255]},"texCoord0":{"type":"float32","components":2,