{"model":{"version":2,"nodes":[{"name":"RootNode","position":[0,0,0],"rotation":[0,0,0],"scale":[1,1,1],"scaleCompensation":false},{"name":"op","position":[0,0,0],"rotation":[-90,-0,0],"scale":[0.01,0.01,0.01],"scaleCompensation":false},{"name":"UNIQ_static","position":[0,0,0],"rotation":[0,0,0],"scale":[1,1,1],"scaleCompensation":false},{"name":"ts_zi","position":[0,0,0],"rotation":[0,0,0],"scale":[1,1,1],"scaleCompensation":false}],"parents":[-1,0,1,2],"skins":[],"morphs":[],"vertices":[{"position":{"type":"float32","components":3,"data":[42.6388,-92.4079,58.4268,42.519,-92.3936,58.4992,42.2306,-92.382,58.5134,42.6776,-92.4233,58.3151,40.5526,-92.3363,58.4482,39.1649,-92.3155,58.2758,39.2635,-92.3284,58.1984,39.4576,-92.3384,58.1642,41.3529,-92.3911,58.2277,39.1777,-92.2916,58.4529,41.4724,-92.4006,58.1681,40.4151,-92.3169,58.5518,42.6256,-92.4445,58.0628,39.4461,-92.1621,59.0688,41.486,-92.4127,58.0389,40.5855,-92.2261,58.9896,42.4504,-92.4434,57.637,41.3095,-92.4136,57.6346,41.1125,-92.402,57.5313,40.7455,-92.2101,59.0668,42.31,-92.4259,57.4655,43.1711,-92.2062,59.4033,43.0661,-92.2745,59.1546,39.9381,-92.1119,59.2908,39.6094,-92.1188,59.2282,37.2236,-92.2982,57.3944,37.2132,-92.2855,57.2257,41.6936,-92.3943,57.2958,37.3657,-92.2798,57.143,42.0622,-92.4092,57.3543,37.938,92.0807,58.2561,38.0532,92.0732,58.337,38.3382,92.078,58.3717,37.9057,92.0947,58.1353,40.0179,92.1274,58.4277,41.4133,92.1852,58.3562,41.3207,92.1926,58.272,41.1298,92.1916,58.2236,39.2337,92.1368,58.1501,41.3892,92.1607,58.5318,39.1174,92.1392,58.0803,40.1476,92.1162,58.5397,37.9705,92.1165,57.9087,41.0846,92.0163,59.1276,39.1139,92.1515,57.9498,39.9701,92.0226,58.9402,38.2159,92.1266,57.4198,39.3128,92.1612,57.5703,39.4919,92.1602,57.4718,38.4536,92.1149,57.2617,39.8055,91.9913,59.0318,43.4342,92.2657,57.4493,43.4111,92.2777,57.6171,38.8082,92.1158,57.1912,43.3234,92.2523,57.3575,37.4674,91.9235,58.9516,37.3485,91.8494,59.1922,40.5807,91.9384,59.3135,40.9127,91.9639,59.275]},"normal":{"type":"float32","components":3,"data":[-0.0355281,-0.990842,0.13027,-0.0354509,-0.988687,0.145743,-0.0354091,-0.987523,0.15344,-0.0353501,-0.993732,0.106051,-0.0354091,-0.987523,0.15344,-0.0355281,-0.990842,0.13027,-0.0353196,-0.992875,0.113808,-0.0353501,-0.993732,0.106051,-0.0353785,-0.99453,0.0982738,-0.0353654,-0.986303,0.161109,-0.0354289,-0.995947,0.0826676,-0.0353196,-0.985026,0.168749,-0.0355038,-0.998053,0.0512834,-0.0435047,-0.96106,0.272894,-0.0354883,-0.997618,0.0591474,-0.0434422,-0.967579,0.248806,-0.0276209,-0.998301,-0.0512961,-0.0276399,-0.998986,-0.035537,-0.0276089,-0.997867,-0.059162,-0.0433558,-0.965653,0.256194,-0.0275438,-0.995515,-0.0905013,-0.0432137,-0.954631,0.294639,-0.0433558,-0.965653,0.256194,-0.0434368,-0.951663,0.304058,-0.0432137,-0.954631,0.294639,-0.0276089,-0.997867,-0.059162,-0.0275234,-0.994776,-0.098298,-0.0276399,-0.991089,-0.130302,-0.0274522,-0.992203,-0.121574,-0.0274775,-0.993119,-0.113836,-0.0352523,0.990984,0.129259,-0.0351769,0.988862,0.144616,-0.0351769,0.988862,0.144616,-0.0350763,0.993829,0.105229,-0.0351769,0.988862,0.144616,-0.0352523,0.990984,0.129259,-0.0350763,0.993829,0.105229,-0.035104,0.994615,0.0975113,-0.035104,0.994615,0.0975113,-0.0350933,0.986514,0.15987,-0.0351532,0.99601,0.0820244,-0.0350486,0.985257,0.167455,-0.0352264,0.998083,0.0508827,-0.0429415,0.964233,0.261553,-0.0352113,0.997655,0.0586857,-0.0428684,0.970386,0.237725,-0.0351941,0.997167,-0.0664777,-0.0352502,0.998757,-0.0352502,-0.0351941,0.997167,-0.0664777,-0.0272882,0.994071,-0.105254,-0.0430281,0.966179,0.254258,-0.0273097,0.994857,-0.097535,-0.0352113,0.997655,-0.0586856,-0.0274252,0.991227,-0.12929,-0.0272402,0.992323,-0.120635,-0.0430281,0.966179,0.254258,-0.0428919,0.95532,0.292445,-0.0428919,0.95532,0.292445,-0.0429887,0.957477,0.285289]},"color":{"type":"uint8","components":4,"data":[255,0,0,255,255,0,0,255,255,0,0,255,255,0,0,255,255,0,0,255,255,0,0,255,255,0,0,255,255,0,0,255,255,0,0,255,255,0,0,255,255,0,0,255,255,0,0,255,255,0,0,255,255,0,0,255,255,0,0,255,255,0,0,255,255,0,0,255,255,0,0,255,255,0,0,255,255,0,0,255,255,0,0,255,255,0,0,255,255,0,0,255,255,0,0,255,255,0,0,255,255,0,0,255,255,0,0,255,255,0,0,255,255,0,0,255,255,0,0,255,255,0,0,255,255,0,0,255,255,0,0,255,255,0,0,255,255,0,0,255,255,0,0,255,255,0,0,255,255,0,0,255,255,0,0,255,255,0,0,255,255,0,0,255,255,0,0,255,255,0,0,255,255,0,0,255,255,0,0,255,255,0,0,255,255,0,0,255,255,0,0,255,255,0,0,255,255,0,0,255,255,0,0,255,255,0,0,255,255,0,0,255,255,0,0,255,255,0,0,255,255,0,0,255,255,0,0,255,255,0,0,255,255,0,0,255]},"texCoord0":{"type":"float32","components":2,"data":[0.620605,0.388184,0.621094,0.388672,0.621094,0.38916,0.620605,0.388184,0.621094,0.392578,0.620605,0.395508,0.620117,0.395508,0.620117,0.39502,0.620605,0.391113,0.621094,0.395508,0.620117,0.390625,0.621094,0.393066,0.620117,0.388184,0.62207,0.39502,0.620117,0.390625,0.62207,0.392578,0.619141,0.388672,0.619141,0.391113,0.619141,0.391602,0.62207,0.39209,0.618652,0.38916,0.623047,0.387207,0.622559,0.387695,0.622559,0.394043,0.622559,0.394531,0.618652,0.399414,0.618164,0.399414,0.618164,0.390137,0.618164,0.398926,0.618652,0.389648,0.976074,0.399902,0.975586,0.399902,0.975586,0.399414,0.976074,0.400391,0.975586,0.395996,0.975586,0.393066,0.976074,0.393066,0.976074,0.393555,0.976074,0.397461,0.975098,0.393066,0.976074,0.397461,0.975098,0.395508,0.976562,0.399902,0.974121,0.393555,0.976562,0.397461,0.974609,0.395996,0.977539,0.399414,0.977539,0.397461,0.977539,0.396973,0.978027,0.398926,0.974121,0.396484,0.977539,0.388672,0.977051,0.388672,0.978027,0.398438,0.978027,0.38916,0.974609,0.400879,0.973633,0.401367,0.973633,0.394531,0.973633,0.394043]},"texCoord1":{"type":"float32","components":2,"data":[0.620605,0.388184,0.621094,0.388672,0.621094,0.38916,0.620605,0.388184,0.621094,0.392578,0.620605,0.395508,0.620117,0.395508,0.620117,0.39502,0.620605,0.391113,0.621094,0.395508,0.620117,0.390625,0.621094,0.393066,0.620117,0.388184,0.62207,0.39502,0.620117,0.390625,0.62207,0.392578,0.619141,0.388672,0.619141,0.391113,0.619141,0.391602,0.62207,0.39209,0.618652,0.38916,0.623047,0.387207,0.622559,0.387695,0.622559,0.394043,0.622559,0.394531,0.618652,0.399414,0.618164,0.399414,0.618164,0.390137,0.618164,0.398926,0.618652,0.389648,0.976074,0.399902,0.975586,0.399902,0.975586,0.399414,0.976074,0.400391,0.975586,0.395996,0.975586,0.393066,0.976074,0.393066,0.976074,0.393555,0.976074,0.397461,0.975098,0.393066,0.976074,0.397461,0.975098,0.395508,0.976562,0.399902,0.974121,0.393555,0.976562,0.397461,0.974609,0.395996,0.977539,0.399414,0.977539,0.397461,0.977539,0.396973,0.978027,0.398926,0.974121,0.396484,0.977539,0.388672,0.977051,0.388672,0.978027,0.398438,0.978027,0.38916,0.974609,0.400879,0.973633,0.401367,0.973633,0.394531,0.973633,0.394043]}}],"meshes":[{"aabb":{"min":[37.2132,-92.4445,57.143],"max":[43.4342,92.2777,59.4033]},"vertices":0,"indices":[0,1,2,0,2,3,2,4,3,4,5,3,5,6,7,7,8,5,5,8,3,4,9,5,10,3,8,4,11,9,12,3,10,9,11,13,10,14,12,11,15,13,14,16,12,14,17,16,17,18,16,15,19,13,16,18,20,19,21,13,19,22,21,23,13,21,23,24,13,18,25,26,26,20,18,26,27,20,28,27,26,20,27,29,30,31,32,30,32,33,32,34,33,34,35,33,35,36,37,37,38,35,35,38,33,34,39,35,40,33,38,34,41,39,42,33,40,39,41,43,40,44,42,41,45,43,44,46,42,44,47,46,47,48,46,48,49,46,45,50,43,51,49,48,48,52,51,51,53,49,54,53,51,50,55,56,50,56,43,57,43,56,57,58,43],"type":"triangles","base":0,"count":165}],"meshInstances":[{"node":3,"mesh":0}]}}